{"acrossmap":null,"admin":false,"answers":{"across":["PLAYER","TOOLBAR","DEALER","OEUVRE","VAMOOSE","ARCADE","TERESA","SKABAND","LITMUS","TWOSTRIPER","SERVICEACE","EAR","MONEYTREE","ZEN","DYAN","LOT","POI","WES","BEST","OBI","SPUNK","UFO","THREEBEARS","GIVEMEFIVE","COOLBEANS","DAYTRADER","BRO","ELSE","ELF","IRON","ONO","YAMS","TWENTYONE","ANTS","TAFT","SERIF","LILT","BARRACKS","FACETIME","SIXDEGREES","CASHISKING","ATEIT","ANNTAYLOR","FENDI","YES","FOYT","EGG","FIFI","DOG","AUTO","MIENS","SINS","JACKLONDON","ELITEEIGHT","AFAR","OBESE","TAKIN","DREI","MEMO","LONER","STEAD","EARN","IWIN","EXTS","SANS","BUST"],"down":["POTTED","LEEWAY","AURORA","YVES","ERST","REAR","TVSPOT","OAKEN","OMAREPPS","LOB","BOASTING","ASNER","REDREW","DALI","ERIC","ACTE","LAMAZE","EDUCES","RESENT","IMO","VEE","YOU","NOEL","LIBEL","SUMTO","BOFA","BEBE","SRS","KID","FERN","TCBY","HORA","ROOMTAXES","EAST","ANEW","VAIN","EYRE","IDONTMIND","VENT","EROS","ENE","LTR","FYI","SARDI","ESSEN","OFFAL","ALIKE","FRETFUL","TAG","LEI","ITSFINE","BITE","CRAYONBOX","KENT","ASOF","CHRISTIAN","ENDO","SAY","STEINER","CYGNETS","GIG","AGE","OTOOLE","FIENDS","AKRON","MOSES","SLATS","SIDEB","JAMI","AFEW","CAMI","DENT","IKEA","GRAU","HERS","TINT"]},"author":"Jim Hyres and David Steinberg","autowrap":null,"bbars":null,"circles":[0,0,0,0,0,0,0,0,0,0,0,0,0,0,0,0,0,0,0,0,0,0,0,0,0,0,0,0,0,0,0,0,0,0,0,0,0,0,0,0,0,0,0,0,0,0,0,0,0,0,0,0,0,0,0,0,0,0,0,0,0,0,0,1,1,1,0,0,0,0,0,0,0,0,0,0,0,0,0,0,0,1,1,1,0,0,0,0,0,0,0,0,0,0,0,0,0,0,0,0,0,0,0,0,0,0,0,0,0,0,0,0,0,0,0,0,0,0,0,0,0,0,0,0,0,0,0,0,0,0,0,0,0,0,0,0,0,0,0,0,0,0,0,0,0,0,0,1,1,1,1,1,0,0,0,0,0,0,0,0,0,0,0,0,1,1,1,1,0,0,0,0,0,0,0,0,0,0,0,0,0,0,0,0,0,0,0,0,0,0,0,0,0,0,0,0,0,0,0,0,0,0,0,0,0,0,0,0,0,0,0,0,0,0,0,0,0,0,0,0,0,0,0,0,0,0,0,0,0,0,0,0,0,0,0,0,0,0,0,0,0,0,0,0,0,0,0,0,0,0,0,0,0,0,0,0,0,0,0,0,0,0,0,0,0,0,0,0,0,0,0,0,0,1,1,1,0,0,0,0,0,0,0,0,0,0,0,0,0,0,1,1,1,1,0,0,0,0,0,0,0,0,0,0,0,0,0,0,0,0,0,0,0,0,0,0,0,0,0,0,0,0,0,0,0,0,0,0,0,0,0,0,0,0,0,0,0,0,0,0,0,0,0,0,0,0,0,0,0,0,0,0,0,0,0,0,0,1,1,1,1,0,0,0,0,0,0,0,0,0,0,0,0,1,1,1,1,1,0,0,0,0,0,0,0,0,0,0,0,0,0,0,0,0,0,0,0,0,0,0,0,0,0,0,0,0,0,0,0,0,0,0,0,0,0,0,0,0,0,0,0,0,0,0,0,0,0,0,0,0,0,0,0,0,0,0,0,0,0,0,0],"clues":{"across":["1. One side of a 69-Across showdown","7. Strip of buttons","14. Other side of the showdown","20. Collective works","21. \"Get lost!\"","22. Pinball wizard's hangout","23. Mother ___","24. Entertainment on a Jamaican cruise, perhaps","25. Kind of paper or test","26. Lieutenant, informally","28. It's unreturnable","30. Musicianship","31. Green plant?","33. Path to enlightenment","34. Cannon in movies","36. Developer's purchase","37. Samoan staple","38. Bullets legend Unseld","40. Top-shelf","41. Sushi restaurant wrap?","43. Moxie","45. X-File subject","47. Fairy tale family","52. Celebratory request","58. \"Great!\"","59. One doesn't hold stock for long","60. \"My man\"","61. \"What ___?\"","62. Storied workshop worker","65. Sand wedge, e.g.","66. Sean Lennon's mother","67. Thanksgiving dish","69. Game depicted in the shaded squares","72. Carpenters with small jobs?","73. Last mustachioed president","76. See 125-Across","77. Easy-breezy tune","79. Place where taps may be heard","82. Skype alternative","86. Amount of separation, in a party game","88. Investment seminar catchphrase","90. Lost big","91. Big retailer in women's fashion","93. Upscale bag brand","94. \"Damn right!\"","95. Indy 500 winner A. J.","97. Silly Putty holder","98. Standard poodle name","100. Hound","101. Digital camera mode","102. Countenances","104. Confession subjects","106. \"The Call of the Wild\" author","110. March Madness stage","115. In the distance","116. Having a lot to lose, maybe","117. \"___ Care of Business\" (1974 Bachman-Turner Overdrive hit)","118. Eins + zwei","119. Message with a subject line","120. Unlikely partygoer","121. Lieu","122. Bring in","123. 1-Across's cry","124. Tel. no. add-ons","125. With 76-Across, like Arial and Helvetica","126. 14-Across's result"],"down":["1. Like houseplants","2. Wiggle room","3. Light show","4. The \"Y\" of Y.S.L.","5. Once, at one time","6. Behind","7. Campaign expense","8. Wine barrel descriptor","9. Linc's portrayer in 1999's \"The Mod Squad\"","10. One may get smashed","11. Chest-thumping","12. \"Up\" voice actor","13. Changed, as voting districts","14. Artist who said \"I don't do drugs. I am drugs\"","15. Speed skater Heiden","16. Entr'___","17. Delivery instructions?","18. Infers from data","19. Feel bitter about","27. \"I think,\" in texts","29. Neckline shape","32. Word shortened to its last letter in texts","35. Holiday air","36. Tabloid issue","39. Total","40. Citi rival, informally","42. Neuwirth of \"Frasier\"","43. Some SAT takers: Abbr.","44. Tease","46. Item by many a reception desk","47. Super Fro-Yo seller","48. \"Hava Nagila\" dance","49. Hotel bill add-ons","50. Right on a map","51. From square one","53. Marked by futility","54. Jane Rochester, nee ___","55. \"O.K. by me\"","56. Blow off steam","57. Matchmaker of myth","62. Suffix with acetyl","63. Printer paper size: Abbr.","64. BTW","68. Famed Broadway restaurateur","70. Ruhr industrial city","71. Butcher's discards","72. How great minds are said to think","74. Worried","75. Laser ___","77. Maui memento","78. \"O.K. by me\"","79. Word after snake or sound","80. Container that may have a sharpener","81. Superman, at other times","83. Starting on","84. Like the sign of the fish","85. Marijuana, in modern slang","86. \"___ cheese!\"","87. Composer Max who was called \"the father of film music\"","88. Young swans","89. Part of a tour","92. Basis of some discrimination","96. \"Lawrence of Arabia\" star","99. Maniacs","101. City that's home to the Firestone Country Club","102. Divider in the Bible?","103. Venetian blind parts","105. Bottom of an LP","106. \"Twister\" actress Gertz","107. Some","108. Intimate garment, for short","109. Bit of progress","111. Company with a noted catalog","112. Dull color, in DÃ¼sseldorf","113. Word on a towel","114. Shade"]},"code":null,"copyright":"2017, The New York Times","date":"1\/29\/2017","dow":"Sunday","downmap":null,"editor":"Will Shortz","grid":["P","L","A","Y","E","R",".","T","O","O","L","B","A","R",".","D","E","A","L","E","R","O","E","U","V","R","E",".","V","A","M","O","O","S","E",".","A","R","C","A","D","E","T","E","R","E","S","A",".","S","K","A","B","A","N","D",".","L","I","T","M","U","S","T","W","O","S","T","R","I","P","E","R",".","S","E","R","V","I","C","E","A","C","E","E","A","R",".",".",".","M","O","N","E","Y","T","R","E","E",".",".",".","Z","E","N","D","Y","A","N",".","L","O","T",".","P","O","I",".","W","E","S",".","B","E","S","T",".",".",".","O","B","I",".",".","S","P","U","N","K",".",".","U","F","O",".",".",".","T","H","R","E","E","B","E","A","R","S",".","G","I","V","E","M","E","F","I","V","E","C","O","O","L","B","E","A","N","S",".",".",".","D","A","Y","T","R","A","D","E","R","B","R","O",".","E","L","S","E",".","E","L","F",".","I","R","O","N",".","O","N","O","Y","A","M","S",".",".","T","W","E","N","T","Y","O","N","E",".",".","A","N","T","S",".",".","T","A","F","T",".",".","S","E","R","I","F",".",".","L","I","L","T",".",".",".","B","A","R","R","A","C","K","S",".",".",".","F","A","C","E","T","I","M","E",".","S","I","X","D","E","G","R","E","E","S",".","C","A","S","H","I","S","K","I","N","G","A","T","E","I","T",".","A","N","N","T","A","Y","L","O","R",".","F","E","N","D","I","Y","E","S",".","F","O","Y","T",".","E","G","G",".","F","I","F","I",".","D","O","G",".",".",".","A","U","T","O",".","M","I","E","N","S",".","S","I","N","S",".",".",".","J","A","C","K","L","O","N","D","O","N",".","E","L","I","T","E","E","I","G","H","T","A","F","A","R",".","O","B","E","S","E",".","T","A","K","I","N",".","D","R","E","I","M","E","M","O",".","L","O","N","E","R",".","S","T","E","A","D",".","E","A","R","N","I","W","I","N",".","E","X","T","S",".",".",".","S","A","N","S",".","B","U","S","T"],"gridnums":[1,2,3,4,5,6,0,7,8,9,10,11,12,13,0,14,15,16,17,18,19,20,0,0,0,0,0,0,21,0,0,0,0,0,0,0,22,0,0,0,0,0,23,0,0,0,0,0,0,24,0,0,0,0,0,0,0,25,0,0,0,0,0,26,0,0,0,0,0,27,0,0,0,0,28,0,0,29,0,0,0,0,0,0,30,0,0,0,0,0,31,0,0,0,32,0,0,0,0,0,0,0,33,0,0,34,0,0,35,0,36,0,0,0,37,0,0,0,38,0,39,0,40,0,0,0,0,0,0,41,42,0,0,0,43,0,0,0,44,0,0,45,46,0,0,0,0,47,48,49,0,0,0,50,51,0,0,0,52,0,53,54,0,0,0,55,56,57,58,0,0,0,0,0,0,0,0,0,0,0,59,0,0,0,0,0,0,0,0,60,0,0,0,61,0,0,0,0,62,63,64,0,65,0,0,0,0,66,0,0,67,0,0,68,0,0,69,0,70,0,0,0,71,0,0,0,0,72,0,0,0,0,0,73,0,74,75,0,0,76,0,0,0,0,0,0,77,78,0,0,0,0,0,79,0,0,0,0,80,81,0,0,0,0,82,83,84,0,0,0,0,85,0,86,0,0,0,0,0,0,0,0,87,0,88,0,0,0,0,0,0,0,0,89,90,0,0,0,0,0,91,0,0,0,92,0,0,0,0,0,93,0,0,0,0,94,0,0,0,95,96,0,0,0,97,0,0,0,98,0,99,0,0,100,0,0,0,0,0,101,0,0,0,0,102,0,0,0,103,0,104,0,0,105,0,0,0,106,107,108,0,0,0,0,109,0,0,0,110,0,111,0,0,0,0,112,113,114,115,0,0,0,0,116,0,0,0,0,0,117,0,0,0,0,0,118,0,0,0,119,0,0,0,0,120,0,0,0,0,0,121,0,0,0,0,0,122,0,0,0,123,0,0,0,0,124,0,0,0,0,0,0,125,0,0,0,0,126,0,0,0],"hastitle":true,"hold":null,"id":null,"id2":null,"interpretcolors":null,"jnotes":null,"key":null,"mini":null,"notepad":null,"publisher":"The New York Times","rbars":null,"shadecircles":"true","size":{"cols":21,"rows":21},"title":"HIT THE DECK","track":null,"type":null,"uniclue":false}