{"acrossmap":null,"admin":false,"answers":{"across":["ARMOR","SLOB","RAH","SOAMI","PAPA","SOLO","STRAP","AMEN","MOTT","HAROLDANDKUMAR","SEE","BAE","BIO","PRAETORIANGUARD","BIBLE","CRASH","JOEL","SWISS","HOOP","EATEN","SUNUP","FOUNDINGFATHERS","EMS","ALT","LIP","LENDMEYOUREARS","OLAY","TATI","TRAIL","NEVE","TROD","ELIZA","STY","ODES","ROLEX"],"down":["ASS","ROTH","MARA","OMAR","RIPOSTE","SPADER","LAMA","OPENBARS","BANDANAS","ROOMBA","ALTAIR","HOTROD","SMU","LEO","KEGS","PBJ","RIO","ABE","ELLEN","ICING","UHHUH","STILETTO","WENTYARD","ONE","OUR","PPS","ADAM","STPETER","FELONS","OMELET","USNAVY","FLUIDS","AIR","DYE","OTOE","ARLO","RAIL","SIZE","LAX"]},"author":"Matthew Sewell and Jeff Chen","autowrap":null,"bbars":null,"circles":null,"clues":{"across":["1. Exoskeleton, e.g.","6. One who's slow to pick things up?","10. When repeated, zealous","13. \"Likewise\"","14. Leader of the Smurfs","15. Jam session highlight","16. Gym bag attachment","17. \"You can say that again!\"","18. Seneca Falls orator Lucretia","19. Friends who go to White Castle in a 2004 film","22. \"Didn't I tell you?\"","23. Main squeeze, in modern lingo","24. Class teaching about DNA","25. Romans who protected the emperor","31. See 33-Across","32. Go to bed, informally","33. Follower of Hosea in the 31-Across","34. Cheese choice","36. Its diameter is roughly twice that of a basketball","40. No longer on one's plate, say","42. Bedtime for a vampire","43. Countrymen who met in Philadelphia in 1787","48. Ambulance letters","49. ___-rock","50. Freshness","51. Shakespearean entreaty appropriate for 19-, 25- and 43-Across?","57. Nivea rival","58. Jacques who played Monsieur Hulot","59. Scout's route","61. Campbell of \"House of Cards\"","62. Walked heavily","63. Lady of \"My Fair Lady\"","64. Where hogs go hog-wild?","65. Sapphic works","66. Luxury brand with a crown logo"],"down":["1. Buffoon","2. Kind of I.R.A.","3. Rooney ___, 2016 Oscar nominee for \"Carol\"","4. Mosque of ___ (Jerusalem shrine)","5. Clever comeback","6. James who voiced Ultron in \"Avengers: Age of Ultron\"","7. Prayer wheel turner","8. Places where spirits flow freely","9. Headwear for some rockers","10. Automated floor cleaner","11. Brightest star in the Eagle constellation","12. Vehicle in a drag race","15. Dallas sch.","20. Passionate, outgoing sort, astrologically","21. Beer blast purchases","25. Basic lunch sandwich, informally","26. Brazilian-themed Vegas hotel","27. Japanese P.M. Shinzo ___","28. Page in a Hollywood film","29. Cake coating","30. \"Ri-i-i-ight ...\"","34. Certain high heel","35. Hit a home run, in baseball lingo","37. Number of emails sent by Warren Buffett in his entire life","38. Dickens's \"___ Mutual Friend\"","39. And another thing, on a letter","41. Police dispatcher's \"A\"","42. Noted gatekeeper","43. Mug shot subjects","44. \"Western\" or \"Spanish\" dish","45. \"Not for self but for country\" sloganeer","46. What doctors recommend that sick people get a lot of","47. It's mostly nitrogen","52. Clairol product","53. Great Plains tribe","54. Janis's partner in the comics","55. Billiards cushion","56. Carry-on concern","60. Not really enforcing the rules"]},"code":null,"copyright":"2017, The New York Times","date":"2\/1\/2017","dow":"Wednesday","downmap":null,"editor":"Will Shortz","grid":["A","R","M","O","R",".","S","L","O","B",".",".","R","A","H","S","O","A","M","I",".","P","A","P","A",".","S","O","L","O","S","T","R","A","P",".","A","M","E","N",".","M","O","T","T",".","H","A","R","O","L","D","A","N","D","K","U","M","A","R",".",".",".",".","S","E","E",".","B","A","E",".","B","I","O","P","R","A","E","T","O","R","I","A","N","G","U","A","R","D","B","I","B","L","E",".",".","C","R","A","S","H",".",".",".","J","O","E","L",".","S","W","I","S","S",".","H","O","O","P",".",".",".","E","A","T","E","N",".",".","S","U","N","U","P","F","O","U","N","D","I","N","G","F","A","T","H","E","R","S","E","M","S",".","A","L","T",".","L","I","P",".",".",".",".","L","E","N","D","M","E","Y","O","U","R","E","A","R","S",".","O","L","A","Y",".","T","A","T","I",".","T","R","A","I","L","N","E","V","E",".","T","R","O","D",".","E","L","I","Z","A","S","T","Y",".",".","O","D","E","S",".","R","O","L","E","X"],"gridnums":[1,2,3,4,5,0,6,7,8,9,0,0,10,11,12,13,0,0,0,0,0,14,0,0,0,0,15,0,0,0,16,0,0,0,0,0,17,0,0,0,0,18,0,0,0,0,19,0,0,0,20,0,0,0,0,21,0,0,0,0,0,0,0,0,22,0,0,0,23,0,0,0,24,0,0,25,26,27,28,0,0,0,29,0,0,0,30,0,0,0,31,0,0,0,0,0,0,32,0,0,0,0,0,0,0,33,0,0,0,0,34,35,0,0,0,0,36,37,38,39,0,0,0,40,41,0,0,0,0,0,42,0,0,0,0,43,44,45,0,0,0,0,0,46,47,0,0,0,0,0,48,0,0,0,49,0,0,0,50,0,0,0,0,0,0,51,0,0,52,0,0,0,53,0,0,0,54,55,56,0,57,0,0,0,0,58,0,0,0,0,59,0,0,0,60,61,0,0,0,0,62,0,0,0,0,63,0,0,0,0,64,0,0,0,0,65,0,0,0,0,66,0,0,0,0],"hastitle":false,"hold":null,"id":null,"id2":null,"interpretcolors":null,"jnotes":null,"key":null,"mini":null,"notepad":null,"publisher":"The New York Times","rbars":null,"shadecircles":null,"size":{"cols":15,"rows":15},"title":"NY TIMES, WED, FEB 01, 2017","track":null,"type":null,"uniclue":false}