{"acrossmap":null,"admin":false,"answers":{"across":["STEP","MOAN","ERIC","TAXI","UNJAM","VEGA","ADEN","COATI","ACLU","BACKTOFRONT","LOO","FUSE","KOREAN","SAYING","DEMOED","RENEE","FORWARDHO","RIG","LEWIS","EON","INREVERSE","TOADS","ENTIRE","OFLATE","TANDEM","VIPS","ICE","LEFTTORIGHT","TOES","ROWAN","NOIR","ULNA","SPIKY","CAKE","PITT","STEM","IDES"],"down":["STAB","TADA","EXEC","PINKEYE","MUCOUS","ONOFF","AJAR","NATO","EVA","RECORDDEAL","IGLOO","CAULK","MINNOWS","TSAR","TAMA","EER","GERI","NEIN","INGREDIENT","DOWSE","ERIE","FERN","HOOF","ONTO","LETTERS","ERN","VIAL","STIR","DAVINCI","EPONYM","METUP","ECOLI","STAKE","FOPS","TWIT","GOAD","HIKE","TRES","SAT"]},"author":"Alex Eaton-Salners","autowrap":null,"bbars":null,"circles":null,"clues":{"across":["1. Echoing sound in a hallway, maybe","5. \"Not this again!,\" e.g.","9. Idle laughter source?","13. Call with a raised hand","14. Clear, as a printer","16. Lyra's brightest star","17. British crown colony from 1937 to 1963","18. Animal that resembles a raccoon","19. Grp. that promised Trump \"We'll see you in court\"","20. How a book in Hebrew is read [watch out now!]","23. London lav","24. Part of a bomb","25. Language in which \"hello\" is \"annyeonghaseyo\"","27. Proverb","30. Showed, as in a showroom","32. Zellweger of \"Chicago\"","33. Wagon train cry [you can relax ...]","36. 18-wheeler","37. Boxer Lennox","38. Really long time","39. Ready to leave the garage [here we go again!]","42. Little hoppers","44. Whole","45. Recently","46. Kind of bike","48. Some line cutters, in brief","49. Treatment for a sprain","50. How people are usually listed in photo captions [phew, all done!]","56. Stretchers may touch them","58. Mr. Bean portrayer Atkinson","59. Crime film genre","60. Bone in a wing or arm","61. Like some moussed hair","62. Become clumped","63. William ___, early British P.M.","64. Part of a flower","65. February 13, e.g."],"down":["1. Attack with a sword","2. \"All done!\"","3. Boardroom fig.","4. Conjunctivitis","5. Kind of membrane","6. Switch words","7. Open a bit","8. Grp. that has added 12 members since the end of the Cold War","9. Mendes of \"2 Fast 2 Furious\"","10. Aspiring band's goal","11. Brand of cooler","12. Leak fixer","15. Some baitfish","21. Bygone Winter Palace resident","22. Janowitz who wrote \"Slaves of New York\"","26. Poetic adverb","27. Spice Girl Halliwell","28. Rhineland refusal","29. Food label listing","30. Divine water","31. Port with lots of lake-effect snow","33. Plant with spores","34. Its sound in old westerns was often simulated by a coconut","35. Latch ___","37. High school athletic awards","40. Southwest terminal?","41. Perfume container","42. Mix","43. \"Vitruvian Man\" artist","45. James Parkinson or Alois Alzheimer","46. Rendezvoused (with)","47. Cause of some poisoning","48. Shares held by a shareholder","51. Dandies","52. Blockhead","53. Egg on","54. Trail activity","55. Very: Fr.","57. Used sofa?"]},"code":null,"copyright":"2017, The New York Times","date":"2\/2\/2017","dow":"Thursday","downmap":null,"editor":"Will Shortz","grid":["S","T","E","P",".","M","O","A","N",".",".","E","R","I","C","T","A","X","I",".","U","N","J","A","M",".","V","E","G","A","A","D","E","N",".","C","O","A","T","I",".","A","C","L","U","B","A","C","K","T","O","F","R","O","N","T",".","O","O","L",".",".",".","E","S","U","F",".",".","N","A","E","R","O","K","G","N","I","Y","A","S",".","D","E","O","M","E","D",".",".","E","E","N","E","R",".","F","O","R","W","A","R","D","H","O","R","I","G",".",".","L","E","W","I","S",".",".","E","O","N","I","N","R","E","V","E","R","S","E",".","S","D","A","O","T",".",".","E","R","I","T","N","E",".","E","T","A","L","F","O","M","E","D","N","A","T",".",".","S","P","I","V",".",".",".","E","C","I",".","L","E","F","T","T","O","R","I","G","H","T","T","O","E","S",".","R","O","W","A","N",".","N","O","I","R","U","L","N","A",".","S","P","I","K","Y",".","C","A","K","E","P","I","T","T",".",".","S","T","E","M",".","I","D","E","S"],"gridnums":[1,2,3,4,0,5,6,7,8,0,0,9,10,11,12,13,0,0,0,0,14,0,0,0,15,0,16,0,0,0,17,0,0,0,0,18,0,0,0,0,0,19,0,0,0,20,0,0,0,21,0,0,0,0,0,22,0,23,0,0,0,0,0,24,0,0,0,0,0,25,0,26,0,0,0,27,28,29,0,0,0,0,30,31,0,0,0,0,0,0,32,0,0,0,0,0,33,0,0,0,0,0,0,34,35,36,0,0,0,0,37,0,0,0,0,0,0,38,0,0,39,0,0,40,41,0,0,0,0,0,42,43,0,0,0,0,0,44,0,0,0,0,0,0,45,0,0,0,0,0,46,47,0,0,0,0,0,0,48,0,0,0,0,0,0,49,0,0,0,50,0,51,52,0,0,0,0,53,54,55,56,0,0,57,0,58,0,0,0,0,0,59,0,0,0,60,0,0,0,0,61,0,0,0,0,0,62,0,0,0,63,0,0,0,0,0,64,0,0,0,0,65,0,0,0],"hastitle":false,"hold":null,"id":null,"id2":null,"interpretcolors":null,"jnotes":null,"key":null,"mini":null,"notepad":null,"publisher":"The New York Times","rbars":null,"shadecircles":null,"size":{"cols":15,"rows":15},"title":"NY TIMES, THU, FEB 02, 2017","track":null,"type":null,"uniclue":false}