{"acrossmap":null,"admin":false,"answers":{"across":["DISPLAYCASES","MOMMIEDEAREST","COMPANIONPIECE","VENIAL","SNAPAT","IRONCLAD","DIPS","RECUT","ROSEANNE","GALS","LESABRE","OLE","MINIVAC","DAM","FARADAY","BETA","CLOSESON","XENON","MOOR","STETSONS","OBAMAS","SETTEE","DANISHPASTRIES","ELECTIONEERED","STRAINEDPEAS"],"down":["DOMINUS","IMPACT","SMALL","PIN","LEI","ADO","YENS","CAPN","ARIADNE","SEEPIN","ESCAPE","STETS","MONOCLE","CEREAL","VIRGO","ARENAS","DOSIDOS","SAVANT","EBAY","ARC","LIRE","MAS","DENOTED","ATONES","MANSE","FORMICA","BESTIES","COBALT","LOANER","XTERRA","MODES","ESTEE","ASTI","SHIN","POE","AND","SEP"]},"author":"Patrick Berry","autowrap":null,"bbars":null,"circles":null,"clues":{"across":["1. You'll see things in them you can't handle","13. Best-selling celebrity tell-all book of 1978","14. Something work-related","15. Forgivable","16. Answer rudely","17. Inflexible, as rules","20. Stock market events","21. Edited for television, maybe","22. Sitcom set in Lanford, Ill.","26. Ben-___ (N.F.L. cheerleading squad)","27. Final car built in Buick City before its shutdown","28. Estadio cheer","29. A little cleaner","30. Fish ladder site","33. Physicist who formulated the two laws of electrolysis","34. What bugs are found in","35. Completes the purchase of","37. Gas in an ion thruster","38. Medieval invader of Spain","39. Tops of the Mounties","41. Onetime White House family","44. Parlor fixture","45. They're known as \"Viennese bread\" in Scandinavia","49. Helped someone move into an office, say","50. Common baby food"],"down":["1. \"___ vobiscum\" (\"the Lord be with you\")","2. Influence","3. Minor","4. One rolling dough","5. Plumeria creation","6. Stir","7. Wants","8. ___ Bill Weedles (Land of Oz character)","9. \"Bacchus and ___\" (Titian painting)","10. Gradually become noticeable","11. Slip away","12. Changes back","13. Item worn by the Count on \"Sesame Street\"","14. Post box's contents","15. Spica's constellation","18. Concert venues","19. Back-to-back moves","23. Eminent scholar","24. Company that bought (and later sold) Skype","25. Cannonball's path","27. Old Roman coins","29. More south of the border?","30. Stood for","31. Makes up (for)","32. Parson's residence","33. Over-the-counter product?","34. Inseparable duo","35. Permanent magnet metal","36. Repair shop amenity","37. Nissan model discontinued in 2015","38. Statistical calculations","40. Name on a bottle of Pleasures perfume","42. City near Turin","43. Hebrew letter on a dreidel","46. Noted writer who married his first cousin when she was 13","47. Along with","48. National Grandparents' Day mo."]},"code":null,"copyright":"2017, The New York Times","date":"2\/4\/2017","dow":"Saturday","downmap":null,"editor":"Will Shortz","grid":[".",".",".","D","I","S","P","L","A","Y","C","A","S","E","S",".",".","M","O","M","M","I","E","D","E","A","R","E","S","T",".","C","O","M","P","A","N","I","O","N","P","I","E","C","E","V","E","N","I","A","L",".",".",".","S","N","A","P","A","T","I","R","O","N","C","L","A","D",".",".",".","D","I","P","S","R","E","C","U","T",".","R","O","S","E","A","N","N","E",".","G","A","L","S",".","L","E","S","A","B","R","E",".",".",".","O","L","E",".","M","I","N","I","V","A","C",".","D","A","M",".",".",".","F","A","R","A","D","A","Y",".","B","E","T","A",".","C","L","O","S","E","S","O","N",".","X","E","N","O","N","M","O","O","R",".",".",".","S","T","E","T","S","O","N","S","O","B","A","M","A","S",".",".",".","S","E","T","T","E","E","D","A","N","I","S","H","P","A","S","T","R","I","E","S",".","E","L","E","C","T","I","O","N","E","E","R","E","D",".",".","S","T","R","A","I","N","E","D","P","E","A","S",".",".","."],"gridnums":[0,0,0,1,2,3,4,5,6,7,8,9,10,11,12,0,0,13,0,0,0,0,0,0,0,0,0,0,0,0,0,14,0,0,0,0,0,0,0,0,0,0,0,0,0,15,0,0,0,0,0,0,0,0,16,0,0,0,0,0,17,0,0,0,0,0,18,19,0,0,0,20,0,0,0,21,0,0,0,0,0,22,0,23,24,25,0,0,0,0,26,0,0,0,0,27,0,0,0,0,0,0,0,0,0,28,0,0,0,29,0,0,0,0,0,0,0,30,31,32,0,0,0,33,0,0,0,0,0,0,0,34,0,0,0,0,35,36,0,0,0,0,0,0,0,37,0,0,0,0,38,0,0,0,0,0,0,39,0,40,0,0,0,0,0,41,0,0,0,42,43,0,0,0,44,0,0,0,0,0,45,0,0,0,0,0,46,47,48,0,0,0,0,0,0,49,0,0,0,0,0,0,0,0,0,0,0,0,0,0,50,0,0,0,0,0,0,0,0,0,0,0,0,0,0],"hastitle":false,"hold":null,"id":null,"id2":null,"interpretcolors":null,"jnotes":null,"key":null,"mini":null,"notepad":null,"publisher":"The New York Times","rbars":null,"shadecircles":null,"size":{"cols":15,"rows":15},"title":"NY TIMES, SAT, FEB 04, 2017","track":null,"type":null,"uniclue":false}