{"acrossmap":null,"admin":false,"answers":{"across":["POINT","STRAINED","STAND","ACMES","THISLIFE","CHLOE","DOETH","RADIOERA","RAINS","DNA","IRE","EASTON","ITSOK","INNEREAR","NEONS","PCT","NONETAKEN","ITHELP","GROK","DENOTE","TESSERAE","DIDIWIN","SUP","RSVP","LEANIN","POCONOS","GUMBY","OSA","LATISH","MOO","BREAKTHEGLASSCEILING","TON","IAGREE","HIE","NADER","TREERAT","SEXILE","SPAY","DEN","FOGGIER","COLORIZE","YOYOMA","ABLE","IMBUES","POSTERIOR","RIG","WINCE","FLEXAGON","SLIDE","ISEULT","ERE","EKE","LOGIN","DEGREASE","ROLOS","ADHOC","TEEINGUP","TROUT","BETTY","HAVEASAY","SAWTO"],"down":["PADDING","OCONNOR","IMEANNO","NET","TSHIRT","STREAKED","THA","RIDE","ASIAN","ILOSE","NIETO","EFRON","DEANS","SCRIPTS","THATCHER","ALISTERS","NONO","DESK","READIN","EEK","RENI","NOW","ISPOSE","LAV","PEP","TIP","ENOLA","TSOTSI","EUNICE","DIYKIT","LGBT","EURO","AMEN","NBA","CASH","SHINER","OHGEEZ","SERENE","AGER","MIDI","ONEL","OGRE","TARDIS","LEAFY","LAX","TOO","SEATER","SCI","POM","ALBRIGHT","YOUIDIOT","GYP","GOOF","IMSLEEPY","REGENCY","ARA","BIGELOW","LOOKOUT","ERNESTO","EXERTS","WIDTH","ISEEA","NEGEV","CURIE","ELENA","SLAB","LODE","TAGS","SUA","ORA"]},"author":"Sam Trabucco","autowrap":null,"bbars":null,"circles":[1,0,1,1,1,0,1,1,0,1,1,1,1,1,0,1,0,1,1,1,0,0,0,0,0,0,0,0,0,0,0,0,0,0,0,0,0,0,0,0,0,0,0,0,0,0,0,0,0,0,0,0,0,0,0,0,0,0,0,0,0,0,0,0,0,0,0,0,0,0,0,0,0,0,0,0,0,0,0,0,0,0,0,0,0,0,0,0,0,0,0,0,0,0,0,0,0,0,0,0,0,0,0,0,0,0,0,0,0,0,0,0,0,0,0,0,0,0,0,0,0,0,0,0,0,0,0,0,0,0,0,0,0,0,0,0,0,0,0,0,0,0,0,0,0,0,0,0,0,0,0,0,0,0,0,0,0,0,0,0,0,0,0,0,0,0,0,0,0,0,0,0,0,0,0,0,0,0,0,0,0,0,0,0,0,0,0,0,0,0,0,0,0,0,0,0,0,0,0,0,0,0,0,0,0,0,0,0,0,0,0,0,0,0,0,0,0,0,0,0,0,0,0,0,0,0,0,0,0,0,0,0,0,0,0,0,0,0,0,0,0,0,0,0,0,0,0,0,0,0,0,0,0,0,0,0,0,0,0,0,1,1,0,1,0,0,0,0,0,0,0,0,0,0,0,0,0,0,0,0,0,0,0,0,0,0,0,0,0,0,0,0,0,0,0,0,1,0,1,1,0,0,0,0,0,0,0,0,0,0,0,0,0,0,0,0,0,0,0,0,0,0,0,0,0,0,1,1,1,0,1,0,0,0,0,0,0,0,0,0,0,0,0,0,0,0,0,0,0,0,0,0,0,0,0,0,0,0,0,0,0,0,0,0,0,0,0,0,0,0,0,0,0,0,0,0,0,0,0,0,0,0,0,0,0,0,0,0,0,0,0,0,0,0,0,0,0,0,0,0,0,0,0,0,0,0,0,0,0,0,0,0,0,0,0,0,0,0,0,0],"clues":{"across":["1. 16-ounce container","6. Material commonly used during cathedral construction","14. Primitive timer","19. Pinnacles","20. Sidney Poitier's 1980 autobiography","21. Moretz of \"Carrie\"","22. Performs, biblically","23. When soap operas first flourished","24. They're measured by pluviometers","25. Geneticist's study","26. Rage","28. Sheena who sang \"U Got the Look\" with Prince","29. \"No worries\"","30. It helps you achieve balance","33. Highlighter shades","34. %: Abbr.","35. Reply to \"No offense\"","37. Aid after a computer crash, say","40. Get","41. Mark","44. Mosaic pieces","46. Question after a photo finish","47. \"How's it hangin'?\"","48. Click \"Going\" on a Facebook event, e.g.","49. 2013 best seller by Sheryl Sandberg","53. Pennsylvania vacation locale, with \"the\"","56. Pokey's pal on TV","57. Spanish she-bear","60. Running a bit behind","61. Part of a stock exchange?","64. Overcome a certain career barrier ... or what the answers to the starred clues do?","68. Heavy weight","69. \"Same with me\"","70. Move hastily","71. Also-ran in 2000","72. Gray squirrel, in slang","74. Send elsewhere for the night, as a roommate, in modern lingo","75. Easy-to-carry telescope","79. Cubs' home","80. Less safe for a plane landing, in a way","84. Change from black-and-white","86. Classical musician with a Presidential Medal of Freedom","87. Pub vessel","91. Permeates","92. Behind","94. Fix, as an election","95. Cab destination?","100. Geometric toy whose sides change depending on how it's folded","101. Drop a bit","103. Arthurian princess","105. Poetic preposition","106. Scrape (out)","107. Go online","108. Remove fat from, as a soup","110. Caramel candies from Hershey","112. Opposite of standing","113. Getting ready to swing","114. Lake catch","115. White who is the oldest person ever to host \"S.N.L.\"","116. Participate in deciding","117. Took care of"],"down":["1. Superfluous part of an essay","2. *One who 64-Acrossed for Supreme Court justices ...","3. Emphatic refusal","4. After deductions","5. Gift shop item","6. Hurriedly showed oneself out?","7. \"J to ___ L-O!\" (Jennifer Lopez album)","8. *... for astronauts","9. Like over four billion people","10. \"Victory is yours\"","11. Mexican president Enrique PeÃ±a ___","12. Zac of \"Neighbors\"","13. Professors answer to them","14. Reading material for a Hollywood agent","15. *... for British prime ministers","16. Most-wanted invitees","17. Texting while driving, e.g.","18. Anchor's place","27. Enter, as data","31. Cousin of \"OMG!\"","32. Guido who painted \"Massacre of the Innocents\"","36. Today","37. \"Hmm, guess so\"","38. Loo, for short","39. ___ rally","42. What boats shouldn't do","43. ___ Gay (W.W. II plane)","44. Best Foreign Film of 2005 set in South Africa","45. Kennedy who was the mother of Maria Shriver","46. Aid for the handy, informally","49. Letters of \"pride\"","50. Alternative to a pound","51. Emphatic agreement","52. Org. with a travel ban?","54. Bills, e.g.","55. Hit record?","57. \"Yi-i-ikes!\"","58. Pacific","59. Ending with teen","61. Certain conservative skirt","62. Hillary Clinton in 1969 or Bill Clinton in 1970","63. Monster","65. Fictional spacecraft created by the Time Lords","66. Like lettuce","67. West Coast air hub","73. Overly","74. Two-___ (smallish car)","75. ___-fi","76. Yapping dog, for short","77. *... for secretaries of state","78. \"Don't be so dumb!\"","81. Rip off, informally","82. Clown (around)","83. [Yawn]","85. Rule by governing board","87. Altar constellation","88. *... for Best Directors","89. Ranger's station","90. Che Guevara's real first name","93. Puts forward, as effort","95. Factor in area calculation","96. \"___ little silhouetto of a man\" (Queen lyric)","97. Desert NE of the Sinai Peninsula","98. *... for Nobel laureates","99. 1941 chart-topper \"Maria ___\"","101. Slice for a hearty appetite","102. Miner's strike","104. Catches off base","109. Apologia pro vita ___","111. 60 minuti"]},"code":null,"copyright":"2017, The New York Times","date":"2\/5\/2017","dow":"Sunday","downmap":null,"editor":"Will Shortz","grid":["P","O","I","N","T",".","S","T","R","A","I","N","E","D",".","S","T","A","N","D","A","C","M","E","S",".","T","H","I","S","L","I","F","E",".","C","H","L","O","E","D","O","E","T","H",".","R","A","D","I","O","E","R","A",".","R","A","I","N","S","D","N","A",".","I","R","E",".","E","A","S","T","O","N",".","I","T","S","O","K","I","N","N","E","R","E","A","R",".","N","E","O","N","S",".","P","C","T",".",".","N","O","N","E","T","A","K","E","N",".",".",".",".",".","I","T","H","E","L","P","G","R","O","K",".","D","E","N","O","T","E",".","T","E","S","S","E","R","A","E",".",".",".",".","D","I","D","I","W","I","N",".","S","U","P",".","R","S","V","P","L","E","A","N","I","N",".",".",".","P","O","C","O","N","O","S",".",".",".",".","G","U","M","B","Y",".","O","S","A",".","L","A","T","I","S","H",".","M","O","O","B","R","E","A","K","T","H","E","G","L","A","S","S","C","E","I","L","I","N","G","T","O","N",".","I","A","G","R","E","E",".","H","I","E",".","N","A","D","E","R",".",".",".",".","T","R","E","E","R","A","T",".",".",".","S","E","X","I","L","E","S","P","A","Y",".","D","E","N",".","F","O","G","G","I","E","R",".",".",".",".","C","O","L","O","R","I","Z","E",".","Y","O","Y","O","M","A",".","A","B","L","E","I","M","B","U","E","S",".",".",".",".",".","P","O","S","T","E","R","I","O","R",".",".","R","I","G",".","W","I","N","C","E",".","F","L","E","X","A","G","O","N","S","L","I","D","E",".","I","S","E","U","L","T",".","E","R","E",".","E","K","E","L","O","G","I","N",".","D","E","G","R","E","A","S","E",".","R","O","L","O","S","A","D","H","O","C",".","T","E","E","I","N","G","U","P",".","T","R","O","U","T","B","E","T","T","Y",".","H","A","V","E","A","S","A","Y",".","S","A","W","T","O"],"gridnums":[1,2,3,4,5,0,6,7,8,9,10,11,12,13,0,14,15,16,17,18,19,0,0,0,0,0,20,0,0,0,0,0,0,0,0,21,0,0,0,0,22,0,0,0,0,0,23,0,0,0,0,0,0,0,0,24,0,0,0,0,25,0,0,0,26,27,0,0,28,0,0,0,0,0,0,29,0,0,0,0,30,0,0,31,0,0,0,32,0,33,0,0,0,0,0,34,0,0,0,0,35,0,0,0,0,0,0,0,36,0,0,0,0,0,37,0,0,0,38,39,40,0,0,0,0,41,0,0,0,42,43,0,44,45,0,0,0,0,0,0,0,0,0,0,46,0,0,0,0,0,0,0,47,0,0,0,48,0,0,0,49,50,51,52,0,0,0,0,0,53,0,54,0,0,0,55,0,0,0,0,56,0,0,0,0,0,57,58,59,0,60,0,0,0,0,0,0,61,62,63,64,0,0,0,0,65,0,0,0,66,0,0,0,0,0,0,67,0,0,0,68,0,0,0,69,0,0,0,0,0,0,70,0,0,0,71,0,0,0,0,0,0,0,0,72,0,0,0,0,0,73,0,0,0,74,0,0,0,0,0,75,76,77,78,0,79,0,0,0,80,0,81,82,83,0,0,0,0,0,0,84,0,0,0,85,0,0,0,0,86,0,0,0,0,0,0,87,88,89,90,91,0,0,0,0,0,0,0,0,0,0,92,0,0,0,93,0,0,0,0,0,0,94,0,0,0,95,96,97,98,99,0,100,0,0,0,0,0,0,0,101,102,0,0,0,0,103,0,0,0,0,104,0,105,0,0,0,106,0,0,107,0,0,0,0,0,108,0,0,0,0,0,109,0,0,110,111,0,0,0,112,0,0,0,0,0,113,0,0,0,0,0,0,0,0,114,0,0,0,0,115,0,0,0,0,0,116,0,0,0,0,0,0,0,0,117,0,0,0,0],"hastitle":true,"hold":null,"id":null,"id2":null,"interpretcolors":null,"jnotes":null,"key":null,"mini":null,"notepad":null,"publisher":"The New York Times","rbars":null,"shadecircles":null,"size":{"cols":20,"rows":21},"title":"FIRST LADIES","track":null,"type":null,"uniclue":false}