{"acrossmap":null,"admin":false,"answers":{"across":["TALC","SNAP","ETAS","SIGH","STABS","RANT","PRAIRIEOYS","NITE","MAXIMS","LECHE","UMPED","GIMMESHEL","PEORIA","ONTIME","STRAIGHTSHOO","YAK","OSAKA","TMI","PORTRAITPAIN","SONOMA","RULING","TRAINSPOT","NOLIE","ROSSI","RAIDED","AMSO","LETTERDROP","WEAN","AXELS","EURO","SOUS","NYSE","DEBT"],"down":["TSP","AIR","LGA","CHIMERA","STEIG","NAOMI","ABYSM","PSS","ERNESTO","TAICHI","ANTHEM","STEELE","SIX","RADII","LENO","UPSY","META","PORK","MOHAIR","AGORAS","HST","TAR","SKA","TAIL","MINI","INGE","POISONS","OMNI","TUNER","PLODDED","STRAWS","OROMEO","NASSAU","PREXY","OATES","TITLE","DES","LAN","RUE","ORB","POT"]},"author":"Ned White","autowrap":null,"bbars":null,"circles":null,"clues":{"across":["1. Bottom topper?","5. \"Oh, ___!\"","9. Terminal info","13. [Oh, well]","14. Attempts","15. Tirade","16. *Great Plains plaints?","18. Late hours, in ads","19. \"Better safe than sorry\" and others","20. Café lightener","21. Did home work?","24. *\"Get Silverstein on the phone now!\"","26. Caterpillar's Illinois home","28. As per schedule","29. *Command like \"Let me be direct: Get lost!\"?","33. Chin-wag","34. City destroyed by Godzilla","35. \"You're oversharing!\"","38. *Cramps from posing too long?","42. California wine valley","45. Supreme Court action","46. *Teach Dick and Jane's dog new tricks?","50. \"I kid you not!\"","51. Martini &amp; ___","52. Like refrigerators, at times","54. \"Are not!\" rejoinder","55. Opening at the post office ... or, when read as three words, a hint to the answers to the starred clues","59. Withdraw slowly","60. Leaps on the ice","61. Commercial lead-in to pass","62. ___-chef","63. Where Kellogg's is \"K\"","64. Visa concern"],"down":["1. 1\/48 of a cup: Abbr.","2. Part of many carrier names","3. New York hub for Delta, briefly","4. Fire-breathing monster of myth","5. Shrek creator William","6. Watts of \"The Impossible\"","7. Bottomless pit","8. Often-overlooked email parts, briefly","9. Auto designer Maserati","10. Meditative exercises","11. \"La Marseillaise,\" for France","12. TV's \"Remington ___\"","14. Eighty-___ (toss)","17. Pie chart lines","20. Longtime host who wrote \"Leading With My Chin\"","21. \"___-daisy!\"","22. Like thinking about thinking","23. Bill fatteners","25. Material for a warm sweater","27. Ancient markets","30. F.D.R.'s last veep","31. La Brea goo","32. Reggae grew from it","35. Meaty lobster part","36. iPad ___","37. \"Picnic\" Pulitzer winner William","38. Bottles marked with a skull and crossbones","39. Former Dodge","40. Stereo component","41. Trudged","42. Attachments to juice boxes","43. Call from Juliet","44. Bahamian capital","47. College honcho","48. Hall's partner in pop","49. Dr. or Mr.","53. Some, along the Somme","55. Office PC connection","56. Paris's ___ de Rivoli","57. Heavenly object","58. Collection of bets"]},"code":null,"copyright":"2017, The New York Times","date":"2\/8\/2017","dow":"Wednesday","downmap":null,"editor":"Will Shortz","grid":["T","A","L","C",".",".","S","N","A","P",".","E","T","A","S","S","I","G","H",".","S","T","A","B","S",".","R","A","N","T","P","R","A","I","R","I","E","O","Y","S",".","N","I","T","E",".",".",".","M","A","X","I","M","S",".","L","E","C","H","E","U","M","P","E","D",".","G","I","M","M","E","S","H","E","L","P","E","O","R","I","A",".",".",".","O","N","T","I","M","E","S","T","R","A","I","G","H","T","S","H","O","O",".",".",".","Y","A","K",".",".","O","S","A","K","A",".",".","T","M","I",".",".",".","P","O","R","T","R","A","I","T","P","A","I","N","S","O","N","O","M","A",".",".",".","R","U","L","I","N","G","T","R","A","I","N","S","P","O","T",".","N","O","L","I","E","R","O","S","S","I",".","R","A","I","D","E","D",".",".",".","A","M","S","O",".","L","E","T","T","E","R","D","R","O","P","W","E","A","N",".","A","X","E","L","S",".","E","U","R","O","S","O","U","S",".","N","Y","S","E",".",".","D","E","B","T"],"gridnums":[1,2,3,4,0,0,5,6,7,8,0,9,10,11,12,13,0,0,0,0,14,0,0,0,0,0,15,0,0,0,16,0,0,0,17,0,0,0,0,0,0,18,0,0,0,0,0,0,19,0,0,0,0,0,0,20,0,0,0,0,21,22,23,0,0,0,24,0,0,25,0,0,0,0,0,26,0,0,0,0,27,0,0,0,28,0,0,0,0,0,29,0,0,0,0,0,30,31,32,0,0,0,0,0,0,33,0,0,0,0,34,0,0,0,0,0,0,35,36,37,0,0,0,38,39,0,0,0,0,0,40,41,0,0,0,42,43,44,0,0,0,0,0,0,45,0,0,0,0,0,46,0,0,0,0,0,47,48,49,0,50,0,0,0,0,51,0,0,0,0,0,52,0,0,53,0,0,0,0,0,54,0,0,0,0,55,0,0,0,0,0,0,56,57,58,59,0,0,0,0,60,0,0,0,0,0,61,0,0,0,62,0,0,0,0,63,0,0,0,0,0,64,0,0,0],"hastitle":false,"hold":null,"id":null,"id2":null,"interpretcolors":null,"jnotes":null,"key":null,"mini":null,"notepad":null,"publisher":"The New York Times","rbars":null,"shadecircles":null,"size":{"cols":15,"rows":15},"title":"NY TIMES, WED, FEB 08, 2017","track":null,"type":null,"uniclue":false}