{"acrossmap":null,"admin":false,"answers":{"across":["LASERTAG","SQUIBS","USEDTOBE","SUNDAE","SPIKELEE","RATEDA","TINO","LAWS","DOCKS","ERECT","THAWS","LAO","REDHAT","ILA","DARN","YOWZAH","ORME","HAWKEYE","MOPHEAD","ACHE","CARIOU","VTEN","ASA","SPASMS","EAN","DREWS","STOIC","ALTHO","LEHI","TODO","COHOST","GETSATAN","ONELAP","GEEKCHIC","WENDYS","STAYHERE"],"down":["LUSTER","ASPIRE","SEINED","EDKOCH","RTE","TOLL","ABEAT","GEEWHIZ","SSR","QUADS","UNTO","IDECLARE","BADKARMA","SEASONED","SALAMI","TAYE","WAHOOS","TOYCAR","DOH","WEASEL","HAVEACOW","ACTALONE","WHENTHEN","KEN","PUPS","RAWEGGS","ATTACH","SOOTHE","MIDAIR","SCONCE","DOSAY","SHEET","HOLD","ITEA","TPS","SKY"]},"author":"Frederick J. Healy","autowrap":null,"bbars":null,"circles":null,"clues":{"across":["1. War game","9. Short write-ups","15. \"Time was ...\"","16. Treat eaten with a spoon","17. 2007 N.A.A.C.P. Image Award winner for \"Inside Man\"","18. Top-notch","19. Baseball's Martinez","20. They're on the books","22. Deducts from","23. Like a zebra's mane","25. Détentes","27. Language traditionally written without spaces between words","28. Cardinal topper","30. Wharf workers' grp.","31. \"Nuts!\"","32. \"Holy cow!\"","34. \"Her ___\" (\"Miss Saigon\" song)","35. Resident of the Corn State","39. Challenge for a barber","41. Lovesickness, e.g.","42. 1973 Tony nominee for \"A Little Night Music\"","44. Power-packed engine","45. ___ comparison","46. Contractual problems?","51. The end of Caesar?","52. Barrymore and more","54. Not easily moved","55. E'en if","57. City on Utah Lake","59. Fuss","60. One of two party leaders","62. Browns, in a way","64. Full circuit","65. High-rise pants and horn-rimmed glasses, say","66. \"Deliciously Different\" sloganeer","67. \"Sit tight\""],"down":["1. Satiny quality","2. Be a wannabe","3. Netted, in a way","4. Key figure in saving New York City from bankruptcy","5. GPS generation: Abbr.","6. Something needed to raise the bar?","7. Not miss ___","8. \"You don't say!\"","9. Old map abbr.","10. Squats strengthen them","11. \"___ a broken heart\": Dickinson","12. \"You don't say!\"","13. Just deserts for misconduct","14. Salted away?","21. Part of many a submarine","24. \"Rent\" actor Diggs","26. Shouts heard at a rodeo","29. Hot Wheels product","31. \"How stupid am I!\"","33. Sneak","35. Flip","36. Have no accomplice","37. Response to \"Not now,\" often","38. Perception","40. Things weighed in pounds?","43. Distinctive features of tamago gohan servings, in Japanese cuisine","47. Clip, say","48. Palliate","49. Like some catches and crashes","50. Keeper of the flame?","52. \"Tell me more\"","53. Unit of rain or ice","56. Ship or plane part","58. Virginia willow's genus","61. Covers with some rolls","63. It's way over your head"]},"code":null,"copyright":"2017, The New York Times","date":"2\/11\/2017","dow":"Saturday","downmap":null,"editor":"Will Shortz","grid":["L","A","S","E","R","T","A","G",".","S","Q","U","I","B","S","U","S","E","D","T","O","B","E",".","S","U","N","D","A","E","S","P","I","K","E","L","E","E",".","R","A","T","E","D","A","T","I","N","O",".","L","A","W","S",".","D","O","C","K","S","E","R","E","C","T",".","T","H","A","W","S",".","L","A","O","R","E","D","H","A","T",".","I","L","A",".","D","A","R","N",".",".",".",".","Y","O","W","Z","A","H",".","O","R","M","E","H","A","W","K","E","Y","E",".","M","O","P","H","E","A","D","A","C","H","E",".","C","A","R","I","O","U",".",".",".",".","V","T","E","N",".","A","S","A",".","S","P","A","S","M","S","E","A","N",".","D","R","E","W","S",".","S","T","O","I","C","A","L","T","H","O",".","L","E","H","I",".","T","O","D","O","C","O","H","O","S","T",".","G","E","T","S","A","T","A","N","O","N","E","L","A","P",".","G","E","E","K","C","H","I","C","W","E","N","D","Y","S",".","S","T","A","Y","H","E","R","E"],"gridnums":[1,2,3,4,5,6,7,8,0,9,10,11,12,13,14,15,0,0,0,0,0,0,0,0,16,0,0,0,0,0,17,0,0,0,0,0,0,0,0,18,0,0,0,0,0,19,0,0,0,0,20,0,0,21,0,22,0,0,0,0,23,0,0,0,24,0,25,0,0,26,0,0,27,0,0,28,0,0,0,0,29,0,30,0,0,0,31,0,0,0,0,0,0,0,32,0,33,0,0,0,0,34,0,0,0,35,36,37,38,0,0,0,0,39,0,40,0,0,0,0,41,0,0,0,0,42,0,43,0,0,0,0,0,0,0,44,0,0,0,0,45,0,0,0,46,0,47,48,49,50,51,0,0,0,52,0,0,0,53,0,54,0,0,0,0,55,0,0,56,0,0,57,0,0,58,0,59,0,0,0,60,0,0,0,0,61,0,62,0,0,63,0,0,0,0,64,0,0,0,0,0,0,65,0,0,0,0,0,0,0,66,0,0,0,0,0,0,67,0,0,0,0,0,0,0],"hastitle":false,"hold":null,"id":null,"id2":null,"interpretcolors":null,"jnotes":null,"key":null,"mini":null,"notepad":null,"publisher":"The New York Times","rbars":null,"shadecircles":null,"size":{"cols":15,"rows":15},"title":"NY TIMES, SAT, FEB 11, 2017","track":null,"type":null,"uniclue":false}