{"acrossmap":null,"admin":false,"answers":{"across":["OLAV","OFART","SHAH","SOLO","NIMES","COSA","HALLOFFAME","ANTI","ATF","GOTTO","CLERK","HELLOHOWAREYOU","MOET","BUD","OPAL","STRUM","REP","HILLSTREETBLUES","ONE","THIEF","ELLA","AAA","PANE","HOLLYWOODACTOR","AREAS","VIOLA","FIR","SIRS","HULLABALOO","TOOK","SLEET","BAJA","ENYA","TERSE","SWAN"],"down":["OSHA","LOATH","ALLFEMALE","VOL","ONFOOT","FIFTH","AMATO","REMOW","TSE","SCALED","HONEY","ASTRO","HAIKU","OGLE","CRUMB","LOLL","ABUT","OHO","PIN","SRI","TEE","REF","RULEOFLAW","EEL","PSA","STAYS","THAW","LENT","ALASKA","PALATE","ACAB","HASTE","ORION","LEROY","OVULE","OILER","DOLES","RIOJA","ROAN","HST","ABS"]},"author":"Brent Sverdloff and Michael Blake","autowrap":null,"bbars":null,"circles":null,"clues":{"across":["1. Name of five Norwegian kings","5. Words after work or museum","10. Former Iranian leader","14. How Charles Lindbergh flew across the Atlantic","15. French department capital known in Roman times as Nemausus","16. ___ Nostra (crime group)","17. Rock and roll has one in Cleveland","19. Pro's opposite","20. Org. that monitors gun sales","21. Reached","22. Shop employee","23. Words of greeting","26. Chandon's partner in Champagne","27. Blossom-to-be","28. October birthstone","30. Play, as a guitar","33. Dem.'s counterpart","36. 1980s cop show that TV Guide once ranked as the greatest TV drama of all time","40. Dollar bill","41. Robber","42. Singer Fitzgerald","43. Battery for a TV remote","44. Window unit","46. James Earl Jones or Tommy Lee Jones","53. Zones","54. String quartet instrument","55. An evergreen","57. Gentlemen","58. Ruckus","60. Made off with","61. Freezing rain","62. Mexico's ___ California","63. One-named New Age singer","64. Succinctly put","65. What the Ugly Duckling became"],"down":["1. Worker protection org.","2. Reluctant (to)","3. Like the band Josie and the Pussycats","4. Stereo control: Abbr.","5. Walking","6. Saks ___ Avenue","7. Former Italian P.M. whose name means \"beloved\"","8. Cut again, as grass","9. China's Mao ___-tung","10. Reduced, with \"back\"","11. Beehive product","12. Houston player","13. Poem like \"The swallow flies up \/ Into a blue evening sky, \/ Summer's small herald\"","18. Devour with the eyes","22. Cookie morsel","24. Laze","25. Share a border with","28. \"Well, what have we here!\"","29. Brooch","30. ___ Lanka","31. Item in a golfer's pocket","32. B-ball official","33. Alternative to arbitrary governance","34. Wriggly fish","35. Smokey Bear ad, e.g., for short","37. Doesn't leave","38. Deice","39. Gave for a while","43. State that the Arctic Circle passes through","44. Aesthetic taste","45. \"Call me ___!\" \"O.K., you're ...!\"","46. Proverbial waste maker","47. Heavenly hunter","48. \"Bad, bad\" Brown of song","49. Small egg","50. Houston player, once","51. Metes (out)","52. Spanish wine region, with \"La\"","56. Horse whose coat is sprinkled with white hairs","58. F.D.R.'s successor","59. \"Six-pack\" muscles"]},"code":null,"copyright":"2017, The New York Times","date":"2\/13\/2017","dow":"Monday","downmap":null,"editor":"Will Shortz","grid":["O","L","A","V",".","O","F","A","R","T",".","S","H","A","H","S","O","L","O",".","N","I","M","E","S",".","C","O","S","A","H","A","L","L","O","F","F","A","M","E",".","A","N","T","I","A","T","F",".","G","O","T","T","O",".","C","L","E","R","K",".","H","E","L","L","O","H","O","W","A","R","E","Y","O","U",".",".","M","O","E","T",".",".",".","B","U","D",".",".",".","O","P","A","L",".",".","S","T","R","U","M",".","R","E","P","H","I","L","L","S","T","R","E","E","T","B","L","U","E","S","O","N","E",".","T","H","I","E","F",".",".","E","L","L","A",".",".",".","A","A","A",".",".",".","P","A","N","E",".",".","H","O","L","L","Y","W","O","O","D","A","C","T","O","R",".","A","R","E","A","S",".","V","I","O","L","A",".","F","I","R","S","I","R","S",".","H","U","L","L","A","B","A","L","O","O","T","O","O","K",".","S","L","E","E","T",".","B","A","J","A","E","N","Y","A",".","T","E","R","S","E",".","S","W","A","N"],"gridnums":[1,2,3,4,0,5,6,7,8,9,0,10,11,12,13,14,0,0,0,0,15,0,0,0,0,0,16,0,0,0,17,0,0,0,18,0,0,0,0,0,0,19,0,0,0,20,0,0,0,21,0,0,0,0,0,22,0,0,0,0,0,23,0,24,0,0,0,0,0,25,0,0,0,0,0,0,0,26,0,0,0,0,0,0,27,0,0,0,0,0,28,29,0,0,0,0,30,31,32,0,0,0,33,34,35,36,0,0,0,37,38,0,0,0,0,0,39,0,0,0,40,0,0,0,41,0,0,0,0,0,0,42,0,0,0,0,0,0,43,0,0,0,0,0,44,45,0,0,0,0,46,47,48,0,0,0,49,50,51,0,0,0,0,52,0,53,0,0,0,0,0,54,0,0,0,0,0,55,0,56,57,0,0,0,0,58,0,0,0,0,0,59,0,0,0,60,0,0,0,0,61,0,0,0,0,0,62,0,0,0,63,0,0,0,0,64,0,0,0,0,0,65,0,0,0],"hastitle":false,"hold":null,"id":null,"id2":null,"interpretcolors":null,"jnotes":null,"key":null,"mini":null,"notepad":null,"publisher":"The New York Times","rbars":null,"shadecircles":null,"size":{"cols":15,"rows":15},"title":"NY TIMES, MON, FEB 13, 2017","track":null,"type":null,"uniclue":false}