{"acrossmap":null,"admin":false,"answers":{"across":["BLACKBOARD","AUS","BLACKSEA","BAMBOO","MPH","HANS","ELICIT","PRIVATES","ALT","LEV","ONETIME","ROTC","EMOTE","AIR","TERMINATOR","TET","DOTCOM","SES","ASYMMETRY","BLACKCAT","OTHERS","MAL","AESTHETICS","ARA","INTHEBLACK","ARAB","INSIDER","RKO","USE","LAKEERIE","ELAPSE","EGAD","GPA","YELLER","DEN","YET","SOLED"],"down":["BLACKBEAR","BALLOT","OMITTED","ABC","ROIL","DOTE","AMP","UPROOT","SHINTO","BLACKHAT","SATIATE","ENEMIES","ASSERT","VEER","VENOM","CROAT","MAMMOTH","MTS","ICY","SYRIA","ETHER","THEBLACKKEYS","RET","BLACKMAILED","CARNAGE","ALASKAN","SCRUPLE","AIDE","ENERGY","STRIPE","SASSED","BEER","IED","OLEO","EAT","ALL"]},"author":"Keith Redwine","autowrap":null,"bbars":null,"circles":null,"clues":{"across":["1. Menu holder at many a cafe","7. Where Schwarzenegger was born: Abbr.","10. Body of water near Georgia","14. Shoots in the jungle","15. Abbr. on a ticket","16. Composer Zimmer with four Grammys","17. Provoke","18. Grunts","20. Cockpit reading: Abbr.","21. Book after Exod.","23. Erstwhile","24. Some campus marchers, briefly","26. Overdo it, in a way","28. Show","29. 1984 movie with a 100% positive rating on Rotten Tomatoes, with \"The\"","32. Hanoi holiday","33. End of an address","34. French possessive","35. Feature of this puzzle that's \"fixed\" by a literal reading of four squares","39. Worry for the superstitious","42. The rest","44. Ill, in Lille","45. It's a matter of taste","49. Longtime Notre Dame coach Parseghian","50. Solvent","51. Pan-___","53. Leak source","55. Film studio once owned by Howard Hughes","57. Take advantage of","58. Maumee River outlet","60. Go by","62. \"Gosh!\"","63. A good one gets you on a list, briefly","64. Old ___","65. Cubs' home","66. Nevertheless","67. Thick-___ shoes"],"down":["1. University of Maine mascot","2. Tickets are found on it","3. Left out","4. \"Modern Family\" network","5. Stir up","6. Coddle, with \"on\"","7. Gig need","8. Displace","9. Religion with public shrines","10. Villain","11. Give plenty","12. Pakistan and India, e.g.","13. Claim","19. Really go out of one's way?","22. Bile","25. Hungarian's neighbor","27. Animal found in the La Brea Tar Pits","30. Ski area locales: Abbr.","31. Needing salt, maybe","34. Civil war locale beginning in 2011","36. It will put you to sleep","37. Five-time Grammy-winning duo from the 2010s","38. Abbr. in a military title","39. Extorted from","40. Result of war","41. Like malamutes","43. Small moral misgiving","45. Senate staffer","46. Cabinet department","47. Feature of a credit card","48. Gave lip","52. \"Suds\"","54. Mil. danger","56. Butter substitute","59. Snack, say","61. Word after a number in a score"]},"code":null,"copyright":"2017, The New York Times","date":"2\/16\/2017","dow":"Thursday","downmap":null,"editor":"Will Shortz","grid":["BLACK","B","O","A","R","D",".","A","U","S",".","BLACK","S","E","A","B","A","M","B","O","O",".","M","P","H",".","H","A","N","S","E","L","I","C","I","T",".","P","R","I","V","A","T","E","S","A","L","T",".","L","E","V",".","O","N","E","T","I","M","E","R","O","T","C",".",".","E","M","O","T","E",".","A","I","R",".","T","E","R","M","I","N","A","T","O","R",".","T","E","T",".",".","D","O","T","C","O","M",".",".",".","S","E","S",".",".",".",".","A","S","Y","M","M","E","T","R","Y",".",".",".","BLACK","C","A","T",".",".",".","O","T","H","E","R","S",".",".","M","A","L",".","A","E","S","T","H","E","T","I","C","S",".","A","R","A",".","I","N","T","H","E","BLACK",".","A","R","A","B","I","N","S","I","D","E","R",".","R","K","O",".","U","S","E","L","A","K","E","E","R","I","E",".","E","L","A","P","S","E","E","G","A","D",".","G","P","A",".","Y","E","L","L","E","R","D","E","N",".",".","Y","E","T",".","S","O","L","E","D","."],"gridnums":[1,2,3,4,5,6,0,7,8,9,0,10,11,12,13,14,0,0,0,0,0,0,15,0,0,0,16,0,0,0,17,0,0,0,0,0,0,18,0,0,19,0,0,0,0,20,0,0,0,21,0,22,0,23,0,0,0,0,0,0,24,0,0,25,0,0,26,27,0,0,0,0,28,0,0,0,29,0,0,30,31,0,0,0,0,0,0,32,0,0,0,0,33,0,0,0,0,0,0,0,0,34,0,0,0,0,0,0,35,0,0,0,0,36,37,38,0,0,0,0,39,40,41,0,0,0,0,42,0,0,0,0,43,0,0,44,0,0,0,45,46,47,0,0,0,0,0,0,48,0,49,0,0,0,50,0,0,0,0,0,0,51,0,0,52,53,0,0,54,0,0,0,0,55,0,56,0,57,0,0,58,0,0,0,0,0,0,59,0,60,0,61,0,0,0,62,0,0,0,0,63,0,0,0,64,0,0,0,0,0,65,0,0,0,0,66,0,0,0,67,0,0,0,0,0],"hastitle":false,"hold":null,"id":null,"id2":null,"interpretcolors":null,"jnotes":null,"key":null,"mini":null,"notepad":null,"publisher":"The New York Times","rbars":null,"shadecircles":null,"size":{"cols":15,"rows":15},"title":"NY TIMES, THU, FEB 16, 2017","track":null,"type":null,"uniclue":false}