{"acrossmap":null,"admin":false,"answers":{"across":["RACKOFLAMB","PISH","ELAINECHAO","ONTO","BUTTERDISH","ODIN","AMO","SGT","HOTLICK","WAIVE","CREAKY","INHALE","NOHO","NYT","NEILL","SATIN","FRO","BODE","CUBIC","COIN","AND","FOILS","SHOCK","DYE","ANTE","SHADES","TENHUT","STPAT","ALMANAC","RIP","TRE","SLID","CHAINEMAIL","TOKE","TEXTALERTS","EWES","STEELYGAZE"],"down":["REBA","ALUM","CATO","KIT","ONESALL","FERGIE","LCDTV","AHI","MASH","BOHOCHIC","POOLE","INDIANFOOD","STICKYRICE","HONKYTONKS","TRON","WALE","ENABLES","INBADTASTE","NEONYELLOW","HIDDENMIKE","OTIS","SUIT","CONTACTS","CHAT","FAUN","SHAPELY","SPINAL","HADES","TRITE","CHET","TARA","RITZ","ELSE","AXE","MEG"]},"author":"David Steinberg","autowrap":null,"bbars":null,"circles":null,"clues":{"across":["1. Its ribs stick out","11. \"Fiddlesticks!\"","15. First Chinese-American cabinet member","16. Seeing through","17. Where to stick a stick","18. Owner of the horse Sleipnir","19. Latin 101 word","20. Abbr. before Friday","21. Improvised jazz strain","23. Surrender","25. Showing signs of age","26. Rapidly down","29. Artsy L.A. district","31. Washington Post competitor: Abbr.","32. \"Jurassic Park\" co-star Sam","33. Teddy material","34. Not to, say","35. Omen","36. Like the function ax^3 + bx^2 + cx + d","37. Come up with","38. Word sometimes elided to its middle letter","39. Thwarts","40. [!!!!]","41. The Romans obtained a purple one from snails","42. Draw money?","43. They're often drawn at night","44. Base order","46. Mar. figure","48. Record of the year?","50. Castigate","51. Colosseum crowd?","54. Dropped, as poll numbers","55. Certain Internet hoax","58. Take a hit","59. News of flight delays, say","60. Sources of ricotta cheese","61. Unwavering look"],"down":["1. First name in country","2. Occasional \"S.N.L.\" host, to \"S.N.L.\"","3. Who wrote \"Wise men learn more from fools than fools from the wise\"","4. Vixen's offspring","5. \"110%\" effort","6. Vocalist for the Black Eyed Peas","7. Flat tube?","8. Tuna type","9. Button-___ (hit everything at once, in gamer lingo)","10. Hippie-influenced fashion trend","11. Grace ___, servant in \"Jane Eyre\"","12. Curries, samosas, etc.","13. Staple of Thai cuisine","14. Dives","22. Suffix with magne-","23. Corduroy rib","24. Turns on","26. Vulgar","27. Highlighter color","28. Bug","30. Big name in escalators","33. Diamonds, e.g.","36. Smartphone heading","37. Some back-and-forth","39. Mythical piper","40. Voluptuous","43. Kind of column","45. Another name for Pluto","47. Used too much","49. Jazzman Baker","51. Reid of \"Sharknado\"","52. Luxury hotel in London's Piccadilly district, with \"the\"","53. Word after who, what or where","56. Hacker's tool","57. Part of a gig"]},"code":null,"copyright":"2017, The New York Times","date":"2\/17\/2017","dow":"Friday","downmap":null,"editor":"Will Shortz","grid":["R","A","C","K","O","F","L","A","M","B",".","P","I","S","H","E","L","A","I","N","E","C","H","A","O",".","O","N","T","O","B","U","T","T","E","R","D","I","S","H",".","O","D","I","N","A","M","O",".","S","G","T",".","H","O","T","L","I","C","K",".",".",".","W","A","I","V","E",".","C","R","E","A","K","Y","I","N","H","A","L","E",".","N","O","H","O",".","N","Y","T","N","E","I","L","L",".","S","A","T","I","N",".","F","R","O","B","O","D","E",".","C","U","B","I","C",".","C","O","I","N","A","N","D",".","F","O","I","L","S",".","S","H","O","C","K","D","Y","E",".","A","N","T","E",".","S","H","A","D","E","S","T","E","N","H","U","T",".","S","T","P","A","T",".",".",".","A","L","M","A","N","A","C",".","R","I","P",".","T","R","E","S","L","I","D",".","C","H","A","I","N","E","M","A","I","L","T","O","K","E",".","T","E","X","T","A","L","E","R","T","S","E","W","E","S",".","S","T","E","E","L","Y","G","A","Z","E"],"gridnums":[1,2,3,4,5,6,7,8,9,10,0,11,12,13,14,15,0,0,0,0,0,0,0,0,0,0,16,0,0,0,17,0,0,0,0,0,0,0,0,0,0,18,0,0,0,19,0,0,0,20,0,0,0,21,0,22,0,0,0,0,0,0,0,23,0,0,0,24,0,25,0,0,0,0,0,26,27,28,0,0,0,0,29,30,0,0,0,31,0,0,32,0,0,0,0,0,33,0,0,0,0,0,34,0,0,35,0,0,0,0,36,0,0,0,0,0,37,0,0,0,38,0,0,0,39,0,0,0,0,0,40,0,0,0,0,41,0,0,0,42,0,0,0,0,43,0,0,0,0,0,44,0,0,45,0,0,0,46,47,0,0,0,0,0,0,48,0,0,0,0,0,49,0,50,0,0,0,51,52,53,54,0,0,0,0,55,0,56,0,0,0,57,0,0,0,58,0,0,0,0,59,0,0,0,0,0,0,0,0,0,60,0,0,0,0,61,0,0,0,0,0,0,0,0,0],"hastitle":false,"hold":null,"id":null,"id2":null,"interpretcolors":null,"jnotes":null,"key":null,"mini":null,"notepad":null,"publisher":"The New York Times","rbars":null,"shadecircles":null,"size":{"cols":15,"rows":15},"title":"NY TIMES, FRI, FEB 17, 2017","track":null,"type":null,"uniclue":false}