{"acrossmap":null,"admin":false,"answers":{"across":["DAWN","STAN","ALOFT","AGRO","ARIA","RAZOR","ROOSEVELT","AMORE","INTERIM","ORGANDY","NYE","ROOT","HOSE","HARRISON","HOP","COMETS","MAS","WORE","OBAMA","DOG","TYLER","PICS","JOT","ERNEST","ETA","BUCHANAN","DARN","YELL","PRE","STATION","NIELSEN","HAMID","CLEVELAND","EFILE","ATIE","CLEO","STATS","ADDN","SMEW"],"down":["DARIN","AGONY","WROTE","NOSE","SAVIORS","TREMOR","AIL","NATO","ARAGON","LAMAS","OZONEHOLE","FORD","TREY","ERRATA","RHOS","TIMOTHY","HEMS","SAG","ORES","PERT","COPE","OBIT","MACADAMIA","WYNN","DOC","TRALEE","JUNO","ENLIVEN","BRIDES","AENEID","ATILT","PSALM","RENEE","ENDOW","SHES","TAFT","NCAA","LLCS","LTD"]},"author":"Ed Stein and Paula Gamache","autowrap":null,"bbars":null,"circles":null,"clues":{"across":["1. Sunrise","5. Musial in the Baseball Hall of Fame","9. High in the air","14. Soil-related prefix","15. Diva's solo","16. Stubble remover","17. Only president to scale the Matterhorn","19. Love, to Lorenzo","20. Temporary","21. Fine, thin cotton fabric","23. Bill ___, the Science Guy","24. Cheer (for)","26. Women's stockings","27. Only president whose grandfather was also president","29. Move like a bunny","32. Space streakers","35. Moms","36. Had on","37. Only president born outside the continental United States","38. Bo or Checkers","39. Only president to have 15 children","40. Photos, informally","41. Make a quick note of, with \"down\"","42. Writer Hemingway","43. Airport pickup driver's info","44. Only president to be a lifelong bachelor","46. Mend, as socks","48. Cheerleader's cheer","49. Lead-in to historic","52. Washington's Union ___","55. TV ratings name","57. Former Afghan leader Karzai","58. Only president to be married in the White House","60. Submit a tax return online","61. End in ___ (require overtime)","62. Marc Antony's lover, informally","63. Sports figures?","64. Building annex: Abbr.","65. Eurasian duck"],"down":["1. \"Mack the Knife\" singer Bobby","2. Excruciating pain","3. Worked on an essay or novel","4. Scent picker-upper","5. Redeemers","6. Sign of an earthquake","7. Be sick","8. Defense alliance since 1949, for short","9. Catherine of ___","10. Tibetan priests","11. Seasonal thinning in the atmosphere over Antarctica","12. Only president to serve as both vice president and president without being elected to either office","13. Card that just beats a deuce","18. Printing mistakes","22. Greek P's","25. Dalton who played 007","27. ___ and haws","28. Give in to gravity","30. Iron and tin sources","31. Saucy","32. Deal (with)","33. Last words?","34. Nut from Hawaii","36. Vegas casino developer Steve","38. Bespectacled Disney dwarf","39. Tourist destination in County Kerry, Ireland","41. Roman goddess, protector of women and marriage","42. Jazz up","44. Wedding figures","45. Epic poem starting with the flight from Troy","47. Slanted","49. Sacred song","50. Soprano Fleming","51. Fund, as a university chair","52. Tom Jones's \"___ a Lady\"","53. Only president to administer the oath of office to two other presidents","54. March Madness org.","56. Legal entities for partnerships: Abbr.","59. Inc., overseas"]},"code":null,"copyright":"2017, The New York Times","date":"2\/20\/2017","dow":"Monday","downmap":null,"editor":"Will Shortz","grid":["D","A","W","N",".","S","T","A","N",".","A","L","O","F","T","A","G","R","O",".","A","R","I","A",".","R","A","Z","O","R","R","O","O","S","E","V","E","L","T",".","A","M","O","R","E","I","N","T","E","R","I","M",".","O","R","G","A","N","D","Y","N","Y","E",".","R","O","O","T",".","H","O","S","E",".",".",".",".",".","H","A","R","R","I","S","O","N",".","H","O","P","C","O","M","E","T","S",".","M","A","S",".","W","O","R","E","O","B","A","M","A",".","D","O","G",".","T","Y","L","E","R","P","I","C","S",".","J","O","T",".","E","R","N","E","S","T","E","T","A",".","B","U","C","H","A","N","A","N",".",".",".",".",".","D","A","R","N",".","Y","E","L","L",".","P","R","E","S","T","A","T","I","O","N",".","N","I","E","L","S","E","N","H","A","M","I","D",".","C","L","E","V","E","L","A","N","D","E","F","I","L","E",".","A","T","I","E",".","C","L","E","O","S","T","A","T","S",".","A","D","D","N",".","S","M","E","W"],"gridnums":[1,2,3,4,0,5,6,7,8,0,9,10,11,12,13,14,0,0,0,0,15,0,0,0,0,16,0,0,0,0,17,0,0,0,18,0,0,0,0,0,19,0,0,0,0,20,0,0,0,0,0,0,0,21,22,0,0,0,0,0,23,0,0,0,24,0,0,25,0,26,0,0,0,0,0,0,0,0,27,0,0,0,0,28,0,0,0,29,30,31,32,33,34,0,0,0,0,35,0,0,0,36,0,0,0,37,0,0,0,0,0,38,0,0,0,39,0,0,0,0,40,0,0,0,0,41,0,0,0,42,0,0,0,0,0,43,0,0,0,44,0,0,0,45,0,0,0,0,0,0,0,0,46,47,0,0,0,48,0,0,0,0,49,50,51,52,53,0,0,0,0,54,0,55,0,0,56,0,0,0,57,0,0,0,0,0,58,59,0,0,0,0,0,0,0,60,0,0,0,0,0,61,0,0,0,0,62,0,0,0,63,0,0,0,0,0,64,0,0,0,0,65,0,0,0],"hastitle":false,"hold":null,"id":null,"id2":null,"interpretcolors":null,"jnotes":null,"key":null,"mini":null,"notepad":null,"publisher":"The New York Times","rbars":null,"shadecircles":null,"size":{"cols":15,"rows":15},"title":"NY TIMES, MON, FEB 20, 2017","track":null,"type":null,"uniclue":false}