{"acrossmap":null,"admin":false,"answers":{"across":["GINA","BARB","BALE","ADORE","OVER","UNIX","SLIMTONONE","STEP","PERISH","NEXT","IDO","EYED","GIRLS","MARS","NOTETOSELF","AGE","TRIO","PUPIL","TIP","SYNAPSE","TMI","CLOCK","SETS","IBN","HERETOSTAY","SCOT","TOSCA","KLUM","REC","KELP","EDICTS","ADAM","AMENTOTHAT","ZERO","NODE","NEATO","ENDS","SNIT","SPEW"],"down":["GASP","IDLE","NOIR","ARMIES","BON","AVON","RENEGE","BREXIT","BUS","ANTISEPTIC","LIED","EXPO","ETSY","OHENRY","TROPES","DOIN","LSU","MATCH","AGILE","REPORTCARD","TOAST","LIMBO","FLINT","TSKTSK","PEAK","STYLET","CEO","OCEANS","SALMON","SMITES","UDON","RAZE","EDEN","PEDI","CHAP","TATE","STOW","MOS","NET"]},"author":"Kyle Dolan","autowrap":null,"bbars":null,"circles":null,"clues":{"across":["1. Actress and former mixed martial arts champion Carano","5. Provocative remark","9. Seat at a hootenanny","13. Go crazy for","15. Part of an order for eggs","16. Operating system with many clones","17. ... SLID SAID SAND SANE SINE NINE ...","19. It may help you get up","20. \"... shall not ___ from the earth\": Gettysburg Address","21. Call from a counter","23. Words often spoken with a hand on the Bible","24. Visually assessed","26. Show created by Lena Dunham","28. Where Matt Damon was stranded in a 2015 film","31. ... DOTE DOLE DOLL DELL SELL ...","35. Archaeologist's estimate","36. Many a chamber piece","37. Person at a desk","38. What an insider might offer","39. Impulse transmission point","42. \"You've said quite enough!,\" informally","43. Something a cellphone can replace","45. 6-3, 2-6, 7-6 and others","46. Part of many Arabic names","47. ... HERD HEAD HEAT SEAT STAT ...","50. Macbeth, e.g.","51. Puccini title heroine","52. Heidi of \"Project Runway\"","54. ___ department","56. Growth in an underwater \"forest\"","58. Things handed down by kings","62. Man exiled from 55-Down","64. ... OMEN OPEN OPED SPED SHED SHAD SHAM WHAM WHAT ...","66. Home (in on)","67. Lymph ___","68. \"Sweet!,\" old-style","69. Wraps up","70. Fit of pique","71. Erupt"],"down":["1. [OMG!]","2. Not in use","3. Genre for the novelist Patricia Highsmith","4. Hordes","5. What's always good in Grenoble?","6. Publisher of the old All-True Detective Cases comic books","7. Fail on a promise","8. Portmanteau in 2016 world news","9. Greyhound runner?","10. Common bandage additive","11. Told a tale","12. Event at a convention center","14. Online market for crafts","18. Annual writing award","22. Training montages, underdog victories, etc., in sports movies","25. Bump off","27. The Tigers of the S.E.C.","28. 6-3, 2-6, 7-6, e.g.","29. Nimble","30. Progress indicator, of a sort","32. Wedding dinner speech, often","33. Gray area","34. Camper's tool","36. \"For shame!\"","40. Pinnacle","41. Engraver's instrument","44. Board hiree, for short","48. Geographical quintet","49. Catch for a grizzly","50. Hits hard","53. Japanese noodles","54. Demolish","55. See 62-Across","57. Spa treatment, informally","59. Bloke","60. Museum near Westminster Abbey","61. Put away","63. Rapper ___ Def","65. Lepidopterist's aid"]},"code":null,"copyright":"2017, The New York Times","date":"2\/22\/2017","dow":"Wednesday","downmap":null,"editor":"Will Shortz","grid":["G","I","N","A",".",".","B","A","R","B",".","B","A","L","E","A","D","O","R","E",".","O","V","E","R",".","U","N","I","X","S","L","I","M","T","O","N","O","N","E",".","S","T","E","P","P","E","R","I","S","H",".","N","E","X","T",".","I","D","O",".",".",".","E","Y","E","D",".","G","I","R","L","S",".",".","M","A","R","S",".","N","O","T","E","T","O","S","E","L","F","A","G","E",".","T","R","I","O",".",".","P","U","P","I","L","T","I","P",".","S","Y","N","A","P","S","E",".","T","M","I","C","L","O","C","K",".",".","S","E","T","S",".","I","B","N","H","E","R","E","T","O","S","T","A","Y",".","S","C","O","T",".",".","T","O","S","C","A",".","K","L","U","M",".",".",".","R","E","C",".","K","E","L","P",".","E","D","I","C","T","S","A","D","A","M",".","A","M","E","N","T","O","T","H","A","T","Z","E","R","O",".","N","O","D","E",".","N","E","A","T","O","E","N","D","S",".","S","N","I","T",".",".","S","P","E","W"],"gridnums":[1,2,3,4,0,0,5,6,7,8,0,9,10,11,12,13,0,0,0,14,0,15,0,0,0,0,16,0,0,0,17,0,0,0,0,18,0,0,0,0,0,19,0,0,0,20,0,0,0,0,0,0,21,0,0,22,0,23,0,0,0,0,0,24,0,0,25,0,26,0,0,27,0,0,0,28,29,30,0,0,31,0,32,0,0,0,0,0,33,34,35,0,0,0,36,0,0,0,0,0,37,0,0,0,0,38,0,0,0,39,0,0,0,40,41,0,0,42,0,0,43,0,0,44,0,0,0,45,0,0,0,0,46,0,0,47,0,0,0,0,48,49,0,0,0,0,50,0,0,0,0,0,51,0,0,0,0,0,52,0,53,0,0,0,0,54,55,0,0,56,0,0,57,0,58,0,0,59,60,61,62,0,0,63,0,64,0,0,65,0,0,0,0,0,0,66,0,0,0,0,67,0,0,0,0,68,0,0,0,0,69,0,0,0,0,70,0,0,0,0,0,71,0,0,0],"hastitle":false,"hold":null,"id":null,"id2":null,"interpretcolors":null,"jnotes":null,"key":null,"mini":null,"notepad":null,"publisher":"The New York Times","rbars":null,"shadecircles":null,"size":{"cols":15,"rows":15},"title":"NY TIMES, WED, FEB 22, 2017","track":null,"type":null,"uniclue":false}