{"acrossmap":null,"admin":false,"answers":{"across":["JETT","MBA","SFPD","OAHU","GUAVA","POUR","GRID","OILER","ERSE","PRO","TRICK","NTH","TRIM","INDY","SKY","TENPINS","WAG","ARRID","YET","CAINE","HOOD","ASTER","INNS","INCLINE","MEERKAT","BAKERY","RASSLE","HEWN","PUTT","IOWA","AIDAN","RBIS","TWENTYQUESTIONS","ZELDA","AKA","AKRON","ANDSO","BEN","TEENS"],"down":["JOG","EARP","THIRTYROCK","TUDOR","MUIR","BALI","AVEC","SPEND","FORTYWINKS","PUSH","DRE","GOTME","ARKIN","ITD","NSC","SAHIB","KRONA","NYSE","PET","ITEM","ANNAL","GESTE","IDLEHANDS","AIRSTRIKE","ANYWAY","RERUNS","IRE","EAT","NIQAB","PAEAN","ITZA","OWEN","WELD","DUKE","BORE","INON","SSNS","TAO","TAT"]},"author":"Jeff Chen","autowrap":null,"bbars":null,"circles":null,"clues":{"across":["1. Joan nicknamed \"The Godmother of Punk\"","5. Many a W.S.J. subscriber","8. Org. that started during the California gold rush","12. Home of the all-vowel-named town Aiea","13. Tropical fruit","15. Flood (in)","16. Electrical system","17. Wayne Gretzky, for 10 seasons","18. Highland tongue","19. Maven","20. Fool","21. Indefinite ordinal","22. Request at the barber's","24. Midwest capital, to locals","26. Domain of Horus, in Egyptian myth","28. *Bulletin board fasteners*","32. Joker","35. Toiletry brand whose TV ads once featured the Supremes","37. Thus far","38. Michael who played Bruce Wayne's butler","40. Engine cover","41. Purplish bloom","43. Establishments that often have porte cochÃ¨res","44. What might get the ball rolling","46. Burrowing animal of southern Africa","48. Napoleon's place","49. Fight on a mat, in dialect","50. Chopped","52. What might get the ball rolling","53. Where Herbert Hoover was born","56. Actor Turner of \"The Hobbit\"","58. A tater can produce up to four of these","62. *\"Which weighs more - a pound of feathers or a pound of lead?\" and others*","65. Novelist Fitzgerald","66. Letters preceding a pseudonym","67. City where LeBron James was born","68. \"As a result ...\"","69. Cohen who co-founded an ice cream company","70. They come after 12"],"down":["1. Short run?","2. Lawman played by James Garner and Kevin Costner","3. *1970s fad item*","4. ___ rose (English heraldic emblem)","5. California's ___ Woods","6. Island in the Coral Triangle","7. \"___ plaisir!\"","8. Help stimulate the economy","9. *Pulls a fast one on*","10. Promote","11. \"Dr.\" of rap","13. \"Hell if I know!\"","14. Alan of \"Argo\"","23. \"___ be my pleasure!\"","25. Advisory grp. to the president","26. Title meaning \"master\"","27. Capital of Sweden","29. Where Harley-Davidson Inc. is HOG","30. Dog, cat or hamster","31. Tabloid pair","33. Historical record","34. Tale of derring-do","36. The devil's playthings, they say","39. Drone's mission","41. \"Back to my point ...\"","42. TV Land programming","45. Hot temper","47. Clear the dishes?","51. Muslim face veil","52. Song that might have hosannas","53. Native people of Guatemala","54. Wister who was known as the father of western fiction","55. Join together","57. School with five March Madness titles","59. Snoozer","60. A party to","61. Some personnel info: Abbr.","63. Principle behind yin and yang","64. Something you might get with a piercing, informally"]},"code":null,"copyright":"2017, The New York Times","date":"2\/23\/2017","dow":"Thursday","downmap":null,"editor":"Will Shortz","grid":["J","E","T","T",".",".","M","B","A",".",".","S","F","P","D","O","A","H","U",".","G","U","A","V","A",".","P","O","U","R","G","R","I","D",".","O","I","L","E","R",".","E","R","S","E",".","P","R","O",".","T","R","I","C","K",".","N","T","H",".",".",".","T","R","I","M",".",".",".","I","N","D","Y",".",".","S","K","Y",".","T","E","N","P","I","N","S",".","W","A","G","A","R","R","I","D",".","Y","E","T",".","C","A","I","N","E","H","O","O","D",".","A","S","T","E","R",".","I","N","N","S","I","N","C","L","I","N","E",".","M","E","E","R","K","A","T","B","A","K","E","R","Y",".",".",".","R","A","S","S","L","E",".",".",".","H","E","W","N",".","P","U","T","T",".",".",".","I","O","W","A",".","A","I","D","A","N",".","R","B","I","S","T","W","E","N","T","Y","Q","U","E","S","T","I","O","N","S","Z","E","L","D","A",".","A","K","A",".","A","K","R","O","N","A","N","D","S","O",".","B","E","N",".","T","E","E","N","S"],"gridnums":[1,2,3,4,0,0,5,6,7,0,0,8,9,10,11,12,0,0,0,0,13,0,0,0,14,0,15,0,0,0,16,0,0,0,0,17,0,0,0,0,0,18,0,0,0,0,19,0,0,0,20,0,0,0,0,0,21,0,0,0,0,0,22,0,23,0,0,0,0,24,25,0,0,0,0,26,27,0,0,28,0,29,30,31,0,0,0,32,33,34,35,0,0,36,0,0,37,0,0,0,38,39,0,0,0,40,0,0,0,0,41,0,0,0,42,0,43,0,0,0,44,0,0,0,45,0,0,0,46,0,47,0,0,0,0,48,0,0,0,0,0,0,0,0,49,0,0,0,0,0,0,0,0,50,0,0,51,0,52,0,0,0,0,0,0,53,54,55,0,0,56,0,57,0,0,0,58,59,60,61,62,0,0,0,63,0,0,0,0,0,64,0,0,0,0,65,0,0,0,0,0,66,0,0,0,67,0,0,0,0,68,0,0,0,0,0,69,0,0,0,70,0,0,0,0],"hastitle":false,"hold":null,"id":null,"id2":null,"interpretcolors":null,"jnotes":"Very clever, Mr. Chen. Very clever.","key":null,"mini":null,"notepad":null,"publisher":"The New York Times","rbars":null,"shadecircles":null,"size":{"cols":15,"rows":15},"title":"NY TIMES, THU, FEB 23, 2017","track":null,"type":null,"uniclue":false}