{"acrossmap":null,"admin":false,"answers":{"across":["SWIPELEFT","SCRAP","ARMADILLO","ARENA","TOMRIPLEY","HADNT","ATEIT","EXCALIBUR","NERTS","RIAL","SOLO","ITSY","ABORIGINAL","COE","BIEN","MINERS","CARE","LOSS","SCORNS","BENT","APR","CAPECODBAY","CLUE","APED","FAQS","CAMPS","MINIATURE","ORATE","MSNBC","BIOBURDEN","ECOLE","EBULLIENT","DEWED","DSTUDENTS"],"down":["SATANIC","WROTETO","IMMERSE","PARITY","EDITS","LIP","ELLERBEE","FLEXION","TOYCAR","SAHL","CRAISINS","REDBONE","ANNULAR","PATROLS","ALIMONY","AIRSOFT","GIST","BANC","CREDIBLE","LEASEOUT","SCAMMED","CAPISCE","OPENNOW","BBQRIBS","ALMADEN","PUPTENT","RESENTS","DAUBED","CARRIE","COULD","ACED","BLU"]},"author":"Mark Diehl","autowrap":null,"bbars":null,"circles":null,"clues":{"across":["1. Reject someone, in a way","10. Reject","15. Mammal that jumps vertically when startled","16. Kind of seating","17. Sociopathic role for Alain Delon (1960), Matt Damon (1999) and John Malkovich (2002)","18. Went without","19. Face-planted","20. Vegas hotel with a name from English legend","22. \"Cheese and rice!\"","23. 1,000 baisa","24. Without having a second to lose?","25. Wee, informally","26. Present from the start","28. Iowa college","29. First Indochina War's Battle of Dien ___ Phu","30. Ones taking a lode off?","31. Worry","32. Streak breaker, maybe","33. Puts down","36. Corrupt, in British slang","37. Car ad letters","40. Giovanni da Verrazano discovery of 1524","42. \"Get a ___!\"","43. Made like","44. Users' resources","45. Stays out all night?","46. Like dollhouse furnishings","48. Keynote, e.g.","49. Former employer of Keith Olbermann","50. Number of bacteria living on a surface that has not been sterilized","52. ___ des Beaux-Arts","53. Bubbling over","54. Aglisten, in a way","55. 60s sorts"],"down":["1. Hellish","2. Emailed, say","3. Dunk","4. All things being equal?","5. Cross-outs and others","6. Impudence","7. Linda ___, \"Girl Reporter\" series author","8. Bodybuilder's pose, e.g.","9. Matchbox item","10. Satirist who said \"If you were the only person left on the planet, I would have to attack you. That's my job\"","11. Trail mix ingredients","12. Hunting dog breed","13. Shaped like Cheerios","14. Keeps the beat?","21. High cost of leaving?","26. Sport similar to paintball","27. Essence","29. Seat in court","31. Having a ring of truth","32. Offer on Airbnb, say","33. Taken to the cleaners","34. \"Ya got me?\"","35. Note in a Yelp business listing","36. Entree often served with a moist towelette","37. Popular California winemaker","38. Boy Scout shelter","39. Is rankled by","41. Applied, as face paint","42. Stephen King's first novel","45. Had the know-how","47. Slipped one by, in a way","51. Primary color in italiano"]},"code":null,"copyright":"2017, The New York Times","date":"2\/25\/2017","dow":"Saturday","downmap":null,"editor":"Will Shortz","grid":["S","W","I","P","E","L","E","F","T",".","S","C","R","A","P","A","R","M","A","D","I","L","L","O",".","A","R","E","N","A","T","O","M","R","I","P","L","E","Y",".","H","A","D","N","T","A","T","E","I","T",".","E","X","C","A","L","I","B","U","R","N","E","R","T","S",".","R","I","A","L",".","S","O","L","O","I","T","S","Y",".","A","B","O","R","I","G","I","N","A","L","C","O","E",".","B","I","E","N",".","M","I","N","E","R","S",".",".",".","C","A","R","E",".","L","O","S","S",".",".",".","S","C","O","R","N","S",".","B","E","N","T",".","A","P","R","C","A","P","E","C","O","D","B","A","Y",".","C","L","U","E","A","P","E","D",".","F","A","Q","S",".","C","A","M","P","S","M","I","N","I","A","T","U","R","E",".","O","R","A","T","E","M","S","N","B","C",".","B","I","O","B","U","R","D","E","N","E","C","O","L","E",".","E","B","U","L","L","I","E","N","T","D","E","W","E","D",".","D","S","T","U","D","E","N","T","S"],"gridnums":[1,2,3,4,5,6,7,8,9,0,10,11,12,13,14,15,0,0,0,0,0,0,0,0,0,16,0,0,0,0,17,0,0,0,0,0,0,0,0,0,18,0,0,0,0,19,0,0,0,0,0,20,0,0,21,0,0,0,0,0,22,0,0,0,0,0,23,0,0,0,0,24,0,0,0,25,0,0,0,0,26,0,0,0,0,27,0,0,0,0,28,0,0,0,29,0,0,0,0,30,0,0,0,0,0,0,0,0,31,0,0,0,0,32,0,0,0,0,0,0,33,34,35,0,0,0,0,36,0,0,0,0,37,38,39,40,0,0,0,0,0,41,0,0,0,0,42,0,0,0,43,0,0,0,0,44,0,0,0,0,45,0,0,0,0,46,0,0,0,47,0,0,0,0,0,48,0,0,0,0,49,0,0,0,0,0,50,0,0,51,0,0,0,0,0,52,0,0,0,0,0,53,0,0,0,0,0,0,0,0,54,0,0,0,0,0,55,0,0,0,0,0,0,0,0],"hastitle":false,"hold":null,"id":null,"id2":null,"interpretcolors":null,"jnotes":null,"key":null,"mini":null,"notepad":null,"publisher":"The New York Times","rbars":null,"shadecircles":null,"size":{"cols":15,"rows":15},"title":"NY TIMES, SAT, FEB 25, 2017","track":null,"type":null,"uniclue":false}