{"acrossmap":null,"admin":false,"answers":{"across":["CANDO","LIMA","EPPS","BLEAK","APOP","ALOE","STARESDOWN","TAPE","ATTENDS","EASIER","SFO","FAD","NYE","ARP","FUDGE","AMPED","PEACETIME","MAA","EXPO","SEALS","UPON","ELI","TIMEPIECE","RERAN","ELENA","RTE","EXP","SAD","SIM","DOLAPS","SEENOTE","STAG","DOWNSTAIRS","EINE","OVID","ENEMY","ACES","IAMS","RADAR"],"down":["CBS","ALTA","NEAT","DARTS","OKEEFFE","LADD","IPOS","MOW","APNEA","EATS","PLAINPAPER","POPEYE","SEERED","SNOUTS","ADAM","FEELME","APE","REX","PAPERPLANE","DIETED","GMAIL","MAUI","COLA","SENSES","OCT","NEE","INSP","PAINTER","REDSEA","EXOTIC","ASDOI","MOANA","AGES","SWIM","ENDS","TIED","ERMA","OVA","SYR"]},"author":"Zhouqin Burnikel","autowrap":null,"bbars":null,"circles":null,"clues":{"across":["1. \"No problem for me!\"","6. Peru's capital","10. Omar of Fox's \"House\"","14. Dickens's \"___ House\"","15. Per item","16. Hand lotion ingredient","17. Intimidates, in a way","19. Crime scene barrier","20. Goes to, as a meeting","21. Not as hard","23. Airport up the coast from LAX","24. Flash mobs, once","25. \"Science Guy\" Bill","26. Jean ___, father of Dadaism","29. \"Oh, darn!\"","32. Fired (up)","34. Period between wars","36. Goat's cry","37. World's fair, for short","38. Circus animals that balance beach balls on their noses","40. \"When You Wish ___ a Star\"","43. Manning who was twice Super Bowl M.V.P.","45. Watch or clock","47. Showed in syndication, say","49. Justice Kagan","50. Numbered hwy.","51. Abbr. before a credit card date","52. Feeling blue","54. ___ card (cellphone chip)","56. Exercise in a pool","58. Cross-reference for further information","62. Male deer","63. On a lower floor","66. \"___ kleine Nachtmusik\"","67. \"Ars Amatoria\" poet","68. Foe","69. Ones in suits?","70. Big name in pet food","71. Aid in storm-tracking"],"down":["1. \"2 Broke Girls\" airer","2. Ski area near Salt Lake City","3. \"Cool!\"","4. Pub game","5. Artist Georgia who is known for her flower canvases","6. Cheryl of \"Charlie's Angels\"","7. Wall St. debuts","8. Trim the lawn","9. Sleeper's problem","10. Has supper","11. Unlined sheets without any writing","12. Sailor who's smitten by Olive Oyl","13. Get angry","18. Pig noses","22. Name first encountered in Genesis 2","24. \"Understand?,\" slangily","26. Big galoot","27. Tyrannosaurus ___","28. Classroom missile","30. Followed a weight-loss plan","31. Alternative to AOL or Yahoo","33. Island ESE of Oahu","35. Pepsi, for one","39. Just knows","41. Month before Nov.","42. Born: Fr.","44. Police dept. figure","46. Van Gogh or Van Dyck","47. Moses parted it","48. Beautifully strange","53. \"Me, too\"","55. 2016 Disney film set in Polynesia","57. 10 and 8 for Bart and Lisa Simpson, respectively","58. Do the breaststroke, e.g.","59. Terminals","60. Like the score 7-7","61. Humorous Bombeck","64. Lab eggs","65. Damascus's land: Abbr."]},"code":null,"copyright":"2017, The New York Times","date":"2\/27\/2017","dow":"Monday","downmap":null,"editor":"Will Shortz","grid":["C","A","N","D","O",".","L","I","M","A",".","E","P","P","S","B","L","E","A","K",".","A","P","O","P",".","A","L","O","E","S","T","A","R","E","S","D","O","W","N",".","T","A","P","E",".","A","T","T","E","N","D","S",".","E","A","S","I","E","R",".",".",".","S","F","O",".",".","F","A","D",".","N","Y","E","A","R","P",".","F","U","D","G","E",".","A","M","P","E","D","P","E","A","C","E","T","I","M","E",".","M","A","A",".",".","E","X","P","O",".","S","E","A","L","S",".","U","P","O","N",".",".","E","L","I",".","T","I","M","E","P","I","E","C","E","R","E","R","A","N",".","E","L","E","N","A",".","R","T","E","E","X","P",".","S","A","D",".",".","S","I","M",".",".",".","D","O","L","A","P","S",".","S","E","E","N","O","T","E",".","S","T","A","G",".","D","O","W","N","S","T","A","I","R","S","E","I","N","E",".","O","V","I","D",".","E","N","E","M","Y","A","C","E","S",".","I","A","M","S",".","R","A","D","A","R"],"gridnums":[1,2,3,4,5,0,6,7,8,9,0,10,11,12,13,14,0,0,0,0,0,15,0,0,0,0,16,0,0,0,17,0,0,0,0,18,0,0,0,0,0,19,0,0,0,0,20,0,0,0,0,0,0,0,21,22,0,0,0,0,0,0,0,23,0,0,0,0,24,0,0,0,25,0,0,26,27,28,0,29,0,30,31,0,0,32,33,0,0,0,34,0,0,35,0,0,0,0,0,0,36,0,0,0,0,37,0,0,0,0,38,0,0,0,39,0,40,0,41,42,0,0,43,0,44,0,45,0,0,0,46,0,0,0,0,47,48,0,0,0,0,49,0,0,0,0,0,50,0,0,51,0,0,0,52,53,0,0,0,54,0,55,0,0,0,56,0,0,57,0,0,0,58,59,0,0,0,60,61,0,62,0,0,0,0,63,64,0,0,0,0,0,0,0,65,66,0,0,0,0,67,0,0,0,0,68,0,0,0,0,69,0,0,0,0,70,0,0,0,0,71,0,0,0,0],"hastitle":false,"hold":null,"id":null,"id2":null,"interpretcolors":null,"jnotes":null,"key":null,"mini":null,"notepad":null,"publisher":"The New York Times","rbars":null,"shadecircles":null,"size":{"cols":15,"rows":15},"title":"NY TIMES, MON, FEB 27, 2017","track":null,"type":null,"uniclue":false}