{"acrossmap":null,"admin":false,"answers":{"across":["JEAN","CHILI","WHEY","AXLE","TONAL","HALE","VAST","ABBIE","OWNS","AMONG","BANDB","AIM","ERRED","URSINE","BORGIAS","EDITION","ONHAND","AMIGA","BOOT","INDIA","NADA","INCAS","BODIES","LATVIAN","ALLURES","ASWELL","SLEEP","SPA","ELVES","OGDEN","TINA","EATAT","URGE","ERGO","FLICK","YOGA","DESK","TENET","SPOT"],"down":["JAVA","EXAM","ALSO","NETNEGATIVE","CTA","HOBBES","INBAD","LAIN","ILEDUDIABLE","WHO","HAWAII","ELNINO","YESMEN","GRIN","BRIG","RADICALLEFT","STANDUPGUYS","BOB","ONO","RHO","EMI","ADS","NAN","AIR","DEE","ASS","NILE","OLEO","LASTED","ASPIRE","TWANGS","ALSACE","SETIN","VALE","DROP","EGGO","NEAT","AOK","TKT"]},"author":"Jacob Stulberg","autowrap":null,"bbars":null,"circles":[0,0,0,0,0,0,0,0,0,0,0,0,0,0,0,0,0,0,0,0,0,0,0,0,0,0,0,0,0,0,0,0,0,1,0,0,0,0,0,1,0,0,0,0,0,0,0,0,1,0,0,0,0,0,1,0,0,0,0,0,0,0,0,1,0,0,0,0,0,1,0,0,0,0,0,0,0,0,1,0,0,0,0,0,1,0,0,0,0,0,0,0,0,0,0,0,0,0,0,0,0,0,0,0,0,0,0,0,0,0,0,0,0,0,0,0,0,0,0,0,0,0,0,0,0,0,0,0,0,0,0,0,0,0,0,0,0,0,0,0,1,0,0,0,0,0,0,0,0,0,0,0,0,0,0,1,0,0,0,0,0,0,0,0,0,0,0,0,0,0,1,0,0,0,0,0,0,0,0,0,0,0,0,0,0,1,0,0,0,0,0,0,0,0,0,0,0,0,0,0,1,0,0,0,0,0,0,0,0,0,0,0,0,0,0,0,0,0,0,0,0,0,0,0,0],"clues":{"across":["1. ___ jacket (bit of casualwear)","5. Dish that's sometimes rated in \"alarms\"","10. Curds and ___","14. Wagon part","15. Like much music","16. In fine fettle","17. Widespread","18. 1960s activist Hoffman","19. Has","20. ___ friends (not having to be on one's guard)","22. Quaint inn, informally","24. Cry after \"Ready!\"","25. Muffed one","27. Bearlike","29. Powerful Renaissance family","32. A book collector might seek a first one","33. Available","34. Spanish girlfriend","35. Italy's shape","36. Setting for much of the movie \"Lion\"","38. Zippo","42. People encountered by Pizarro","44. Things ghosts lack","46. Riga native","49. Charms","50. In addition","51. What tryptophan is said to induce","52. Place to go for a \"me day\"","53. Munchkins","55. Nash who wrote \"Parsley \/ Is gharsley\"","59. Turner or Fey","61. Bother greatly","63. Tell to \"Do it!\"","64. Lead-in to a conclusion","65. Movie, informally","66. Class with mats","67. Feature of a late-night show set","68. Words to live by","69. Catch sight of"],"down":["1. Morning joe","2. Start of many a doctor's visit","3. In addition","4. Outcome that's overall unfavorable","5. Windy City 'L' overseer","6. Imaginary tiger friend in the comics","7. Not on good terms (with)","8. Done nothing","9. Infamous prison featured in the 1969 best seller \"Papillon\"","10. \"___ knew?\"","11. Southernmost U.S. state","12. Weather concern in 11-Down","13. Lackeys","21. Sheepish look","23. Two-masted vessel","26. Socialist Workers Party's ideology","28. Honest sorts ... or what the circled squares contain?","29. Palindromic boy's name","30. \"Be My Yoko ___\" (first single by Barenaked Ladies)","31. Pi's follower","32. Former Big Four record co.","34. They're taken out in newspapers","37. Palindromic girl's name","39. Lungful","40. Hollywood ending?","41. Nincompoop","43. River that feeds Lake Nasser","45. Topping in kosher restaurants","46. Didn't run out","47. Have dreams","48. Features of some country singers","49. Region on the Rhine","51. Took effect","54. Area between mountains","56. Plunge","57. Breakfast food with a rhyming slogan","58. In order","60. Totally fine","62. Box office purchase: Abbr."]},"code":null,"copyright":"2017, The New York Times","date":"2\/28\/2017","dow":"Tuesday","downmap":null,"editor":"Will Shortz","grid":["J","E","A","N",".","C","H","I","L","I",".","W","H","E","Y","A","X","L","E",".","T","O","N","A","L",".","H","A","L","E","V","A","S","T",".","A","B","B","I","E",".","O","W","N","S","A","M","O","N","G",".","B","A","N","D","B",".","A","I","M",".",".",".","E","R","R","E","D",".","U","R","S","I","N","E","B","O","R","G","I","A","S",".","E","D","I","T","I","O","N","O","N","H","A","N","D",".","A","M","I","G","A",".",".",".","B","O","O","T",".","I","N","D","I","A",".","N","A","D","A",".",".",".","I","N","C","A","S",".","B","O","D","I","E","S","L","A","T","V","I","A","N",".","A","L","L","U","R","E","S","A","S","W","E","L","L",".","S","L","E","E","P",".",".",".","S","P","A",".","E","L","V","E","S",".","O","G","D","E","N","T","I","N","A",".","E","A","T","A","T",".","U","R","G","E","E","R","G","O",".","F","L","I","C","K",".","Y","O","G","A","D","E","S","K",".","T","E","N","E","T",".","S","P","O","T"],"gridnums":[1,2,3,4,0,5,6,7,8,9,0,10,11,12,13,14,0,0,0,0,15,0,0,0,0,0,16,0,0,0,17,0,0,0,0,18,0,0,0,0,0,19,0,0,0,20,0,0,0,21,0,22,0,0,0,23,0,24,0,0,0,0,0,25,0,26,0,0,0,27,0,28,0,0,0,29,30,31,0,0,0,0,0,32,0,0,0,0,0,0,33,0,0,0,0,0,0,34,0,0,0,0,0,0,0,35,0,0,0,0,36,37,0,0,0,0,38,39,40,41,0,0,0,42,43,0,0,0,0,44,45,0,0,0,0,46,47,48,0,0,0,0,0,49,0,0,0,0,0,0,50,0,0,0,0,0,0,51,0,0,0,0,0,0,0,52,0,0,0,53,0,54,0,0,0,55,0,56,57,58,59,0,0,60,0,61,0,0,0,62,0,63,0,0,0,64,0,0,0,0,65,0,0,0,0,0,66,0,0,0,67,0,0,0,0,68,0,0,0,0,0,69,0,0,0],"hastitle":false,"hold":null,"id":null,"id2":null,"interpretcolors":null,"jnotes":"Update: Reader Jordan Cahn caught an error in my previous remarks in this section. HAWAII is, yes, the southernmost state. Alaska is the northernmost. Alaska also stretches out over the International Date Line, making it the westernmost and the easternmost state as well. Thanks, Jordan!","key":null,"mini":null,"notepad":null,"publisher":"The New York Times","rbars":null,"shadecircles":null,"size":{"cols":15,"rows":15},"title":"NY TIMES, TUE, FEB 28, 2017","track":null,"type":null,"uniclue":false}