{"acrossmap":null,"admin":false,"answers":{"across":["XFL","GRATE","STAID","ERA","RELAY","COSMO","NOSERVICE","RAYON","ODEA","OBI","PESO","NORSELITERATURE","TUT","GEM","WAX","EMBER","SAGE","MINI","NEUROSCIENTISTS","DARN","CURD","IMHOT","ORS","JAB","VEE","NATIONALPASTIME","ONUS","YIP","ICON","JAPES","PINOCCHIO","EXERT","INTRO","ARK","TENTS","AGASP","TAI"],"down":["XENON","FRODO","LASER","GRR","REVOLT","ALIBI","TACIT","EYE","SCREAM","TOAST","ASYOUWISH","IMO","DON","EASTERN","PREEN","EURO","EGGED","RANTO","EXIST","ENDON","MEARA","BURSTOPEN","SCUBA","AIR","MIMETIC","SCANS","TIES","JOUSTS","VAPORS","INERT","LYING","PINTA","ICHAT","MOIRA","ENOKI","JET","AXE","PIA","COP"]},"author":"Timothy Polin","autowrap":null,"bbars":null,"circles":[0,0,0,0,0,0,0,0,0,0,0,0,0,0,0,0,0,0,0,0,0,0,0,0,0,0,0,0,0,0,1,1,1,1,0,0,0,0,0,0,0,0,0,0,0,0,0,0,0,0,0,0,0,0,0,0,0,0,0,0,1,1,0,1,1,0,0,0,0,0,0,0,0,0,0,0,0,0,0,0,0,0,0,0,0,0,0,0,0,0,0,0,0,0,0,0,0,0,0,0,0,0,0,0,0,1,0,0,0,1,1,0,0,1,0,0,0,0,0,0,0,0,0,0,0,0,0,0,0,0,0,0,0,0,0,0,0,0,0,0,0,0,0,0,0,0,0,0,0,0,1,0,0,0,1,0,0,0,0,0,1,0,0,0,1,0,0,0,0,0,0,0,0,0,0,0,0,0,0,0,0,0,0,0,0,0,0,0,0,0,0,0,0,0,0,0,0,0,0,0,0,0,0,0,0,0,0,0,0,0,0,0,0,0,0,0,0,0,0,0,0,0,0,0,0],"clues":{"across":["1. Defunct gridiron org.","4. Fireplace holder","9. Rather conservative","14. Chapter in history","15. Race with batons","16. Pink cocktail, informally","17. What zero bars on a cellphone indicates","19. Synthetic fabric","20. Old-fashioned theaters","21. \"Memoirs of a Geisha\" accessory","22. Bit of dinero","23. Viking tales, e.g.","28. \"Shame on you!\"","29. Ring decoration","30. Opposite of wane","31. Glowing coal","34. Like advice worth listening to","36. Leg-revealing item of apparel","37. Experts on the brain","40. \"Shoot!\"","41. Sour milk product","42. \"Someone turn on a fan!\"","43. Surgery locales, for short","44. Quick hit","45. Notch shape","46. Baseball, in America","53. Cross to bear","54. Puppy's plaint","55. Desktop image","56. Wisecracks","58. Disney character hinted at by the circled letters","60. Apply, as pressure","61. Opening remarks","62. Flood refuge","63. Refugee camp sights","64. Visibly stunned","65. ___ chi"],"down":["1. Fifth member in a noble line","2. Tolkien hero","3. Futuristic weapon","4. Canine warning","5. Uprising","6. \"I was at the movies - nowhere near the crime,\" e.g.","7. Understood","8. Look over","9. 1996 horror movie with four sequels","10. Done for","11. \"Sure, go ahead\"","12. Texter's qualifier","13. Mafia V.I.P.","18. Old airline with the slogan \"We have to earn our wings every day\"","22. Fuss over oneself","24. Modern prefix with skeptic","25. Urged (on)","26. Totaled, as a bill","27. Have life","31. Conclude with","32. Stiller's longtime wife and comedy partner","33. Explode","34. Recreational device that holds 35-Down","35. See 34-Down","36. Imitative","38. Reads carefully","39. Gets even with?","44. Renaissance Faire events","45. Steam and such","47. Sluggish","48. What causes the circled letters to grow?","49. Companion of the Niña and Santa Maria","50. Apple's former instant-messaging program","51. \"On the Beach\" heroine","52. Gourmet mushroom","56. Boeing product","57. Hacker, but not on a computer","58. ___ mater (brain cover)","59. Admit (to)"]},"code":null,"copyright":"2017, The New York Times","date":"4\/4\/2017","dow":"Tuesday","downmap":null,"editor":"Will Shortz","grid":["X","F","L",".","G","R","A","T","E",".","S","T","A","I","D","E","R","A",".","R","E","L","A","Y",".","C","O","S","M","O","N","O","S","E","R","V","I","C","E",".","R","A","Y","O","N","O","D","E","A",".","O","B","I",".","P","E","S","O",".",".","N","O","R","S","E","L","I","T","E","R","A","T","U","R","E",".",".",".","T","U","T",".",".","G","E","M",".","W","A","X","E","M","B","E","R",".","S","A","G","E",".","M","I","N","I","N","E","U","R","O","S","C","I","E","N","T","I","S","T","S","D","A","R","N",".","C","U","R","D",".","I","M","H","O","T","O","R","S",".","J","A","B",".",".","V","E","E",".",".",".","N","A","T","I","O","N","A","L","P","A","S","T","I","M","E",".",".","O","N","U","S",".","Y","I","P",".","I","C","O","N","J","A","P","E","S",".","P","I","N","O","C","C","H","I","O","E","X","E","R","T",".","I","N","T","R","O",".","A","R","K","T","E","N","T","S",".","A","G","A","S","P",".","T","A","I"],"gridnums":[1,2,3,0,4,5,6,7,8,0,9,10,11,12,13,14,0,0,0,15,0,0,0,0,0,16,0,0,0,0,17,0,0,18,0,0,0,0,0,0,19,0,0,0,0,20,0,0,0,0,21,0,0,0,22,0,0,0,0,0,23,0,0,0,24,0,0,0,25,0,0,0,0,26,27,0,0,0,28,0,0,0,0,29,0,0,0,30,0,0,31,32,33,0,0,0,34,35,0,0,0,36,0,0,0,37,0,0,0,0,38,0,0,0,0,39,0,0,0,0,40,0,0,0,0,41,0,0,0,0,42,0,0,0,0,43,0,0,0,44,0,0,0,0,45,0,0,0,0,0,46,0,0,47,0,0,0,48,49,0,0,0,50,51,52,0,0,53,0,0,0,0,54,0,0,0,55,0,0,0,56,57,0,0,0,0,58,0,0,0,59,0,0,0,0,60,0,0,0,0,0,61,0,0,0,0,0,62,0,0,63,0,0,0,0,0,64,0,0,0,0,0,65,0,0],"hastitle":false,"hold":null,"id":null,"id2":null,"interpretcolors":null,"jnotes":null,"key":null,"mini":null,"notepad":null,"publisher":"The New York Times","rbars":null,"shadecircles":null,"size":{"cols":15,"rows":15},"title":"NY TIMES, TUE, APR 04, 2017","track":null,"type":null,"uniclue":false}