{"acrossmap":null,"admin":false,"answers":{"across":["SPIT","CABS","POMP","SHINER","OPAH","SPUR","MAÃ‘ANA","PEÃ‘ANIETO","IVAN","FLEXORS","NOW","DETECTOR","SPAREME","GRATA","TNG","ORBS","ESS","BASIE","BASSOS","PIÃ‘ACOLADA","NONONO","ULTRA","SEP","OKED","SOD","PEPSI","SIESTAS","GASTRAPS","END","ICEWINE","INAT","JALAPEÃ‘OS","ELNIÃ‘O","OWES","LOOT","PINSON","BASK","ARTS","DAHL"],"down":["SHAVERS","PIÃ‘ATAS","INANET","TEN","COPERNICUS","APEX","BAÃ‘OS","SHARP","PSI","OPENERS","MUTOMBO","PROWESS","SMIDGE","RAFT","NSA","LOTSA","CABIN","ROSA","GEOLOGISTS","AÃ‘O","BAR","ADAPT","PODS","LTDAN","NOSEJOB","OKINAWA","NEEDLES","SPANISH","ESPAÃ‘OL","PISTON","ERINNA","TIP","ACELA","SEÃ‘OR","SEEP","WOOT","ASK","LID"]},"author":"Alex Eaton-Salners","autowrap":null,"bbars":null,"circles":null,"clues":{"across":["1. Rod at a pig roast","5. Vehicles with medallions","9. Partner of circumstance","13. Result of a sock in the eye","15. Colorful, warm-blooded fish","16. Cowboy boot accessory","17. Tomorrow, in 43-Down","18. Mexican president Enrique","20. Pavlov with a Nobel","21. Biceps and hamstrings","23. \"Buy It ___\" (eBay option)","24. Word after motion or lie","26. \"Puh-lease!\"","28. Persona ___ (welcome guest)","29. 1987-94 \"Star Trek\" series, briefly","31. Eyes, to bards","32. Pothook shape","33. Count in music","35. Lowest-voiced choir members","37. Drink often served with a miniature umbrella","39. Vehement rejection","42. Prefix with violet or violent","43. Mo. when the N.F.L. season starts","46. Gave the go-ahead","47. Outfield-patching need","48. Cola wars competitor","50. Naps south of the border","54. Devices that prevent fumes from escaping","56. Many an eligible receiver","57. Drink made from frozen grapes","59. ___ the finish (having potential to win)","60. Peppers milder than habaneros","62. Warm Pacific current","64. Is in the hole","65. Ill-gotten goods","66. Attaches, as a carnation","67. Soak up the sun","68. Theater, dance, etc.","69. Roald who wrote \"Fantastic Mr. Fox\""],"down":["1. Bic or Gillette offerings","2. They're broken at parties","3. How butterflies might be caught","4. Highest point value for a Scrabble tile","5. He placed the sun at the center of the universe","6. Tiptop","7. Bathrooms, in 43-Down","8. Tuned too high","9. Air pump fig.","10. Beer drinkers' utensils","11. Basketball Hall-of-Famer Dikembe ___","12. Exceptional ability","13. Tiny bit","14. Log craft","19. \"Crypto City\" at Ft. Meade","22. \"___ luck!\"","25. Log construction","27. Parks of the civil rights movement","30. Rock scientists","34. Year, in 43-Down","35. \"Cheers\" setting","36. Change with the times","37. Okra units","38. Forrest Gump's C.O.","39. Profile-altering plastic surgery","40. Pacific battle site of 1945","41. Parts of hypodermics","43. Language that utilizes the letter \"Ã±\"","44. 43-Down, in 43-Down","45. One of the eight in a V-8","49. Greek poet who wrote \"The Distaff\"","51. Message left on a hotline, perhaps","52. Northeast Corridor express train","53. Mister, in 43-Down","55. Ooze","58. \"Wow!,\" in Internet-speak","61. Set, as a price","63. Tupperware topper"]},"code":null,"copyright":"2017, The New York Times","date":"4\/5\/2017","dow":"Wednesday","downmap":null,"editor":"Will Shortz","grid":[".","S","P","I","T",".",".","C","A","B","S",".","P","O","M","P","S","H","I","N","E","R",".","O","P","A","H",".","S","P","U","R","M","A","Ã‘","A","N","A",".","P","E","Ã‘","A","N","I","E","T","O","I","V","A","N",".","F","L","E","X","O","R","S",".","N","O","W","D","E","T","E","C","T","O","R",".","S","P","A","R","E","M","E","G","R","A","T","A",".","T","N","G",".",".",".","O","R","B","S","E","S","S",".","B","A","S","I","E",".","B","A","S","S","O","S",".",".",".","P","I","Ã‘","A","C","O","L","A","D","A",".",".",".","N","O","N","O","N","O",".","U","L","T","R","A",".","S","E","P","O","K","E","D",".",".",".","S","O","D",".","P","E","P","S","I","S","I","E","S","T","A","S",".","G","A","S","T","R","A","P","S","E","N","D",".","I","C","E","W","I","N","E",".","I","N","A","T","J","A","L","A","P","E","Ã‘","O","S",".","E","L","N","I","Ã‘","O","O","W","E","S",".","L","O","O","T",".","P","I","N","S","O","N","B","A","S","K",".","A","R","T","S",".",".","D","A","H","L","."],"gridnums":[0,1,2,3,4,0,0,5,6,7,8,0,9,10,11,12,13,0,0,0,0,14,0,15,0,0,0,0,16,0,0,0,17,0,0,0,0,0,0,18,0,0,0,19,0,0,0,0,20,0,0,0,0,21,22,0,0,0,0,0,0,23,0,0,24,0,0,0,25,0,0,0,0,26,0,0,27,0,0,0,28,0,0,0,0,0,29,0,30,0,0,0,31,0,0,0,32,0,0,0,33,34,0,0,0,0,35,36,0,0,0,0,0,0,0,37,0,0,0,0,0,38,0,0,0,0,0,0,39,40,41,0,0,0,0,42,0,0,0,0,0,43,44,45,46,0,0,0,0,0,0,47,0,0,0,48,49,0,0,0,50,0,0,0,51,52,53,0,54,0,55,0,0,0,0,0,56,0,0,0,57,0,0,58,0,0,0,0,59,0,0,0,60,0,0,61,0,0,0,0,0,0,62,63,0,0,0,0,64,0,0,0,0,65,0,0,0,0,66,0,0,0,0,0,67,0,0,0,0,68,0,0,0,0,0,69,0,0,0,0],"hastitle":false,"hold":null,"id":null,"id2":null,"interpretcolors":null,"jnotes":null,"key":null,"mini":null,"notepad":null,"publisher":"The New York Times","rbars":null,"shadecircles":null,"size":{"cols":16,"rows":15},"title":"NY TIMES, WED, APR 05, 2017","track":null,"type":null,"uniclue":false}