{"acrossmap":null,"admin":false,"answers":{"across":["RAISE","ABODE","COB","ORCAS","CORED","ACE","SEANCONNERY","LEI","HANG","MEDIA","PLAN","TSA","DISHING","TIMOTHYDALTON","ATE","EASE","SIT","ROGER","LUG","MOORE","RNA","CADS","WII","PIERCEBROSNAN","LIBERAL","INK","IRAS","MEDAL","INTO","FIN","DANIELCRAIG","END","DICER","CUTER","RAJ","SCHMO","SNORE"],"down":["ROSH","AREA","ICAN","SANGTO","ESC","ACNE","BOND","OREIDA","DERAILS","EDY","CALLIN","OCEAN","BEING","OMAHA","PHOTO","STERNER","STIMSON","TAR","ITO","MEG","YSL","DEUCE","ERIES","GAB","OWN","RIA","EIN","ARAMAIC","DRILL","PBANDJ","CLENCH","SKIRUN","LIFER","IRINA","DIEM","AERO","NATO","TIER","OGRE","DDS","CCS"]},"author":"Lonnie Burton","autowrap":null,"bbars":null,"circles":null,"clues":{"across":["1. Pay hike","6. \"Humble\" living quarters","11. Inner part of an ear of corn","14. Killer whales","15. Like some processed apples","16. King topper","17. *1962-67, 1971","19. Hawaiian neckwear","20. Put up, as a picture","21. The Washington Post, CNN, etc.","22. Think ahead","23. Airport screening grp.","25. Gossiping","27. *1987-89","32. Had breakfast or lunch","33. Let (up)","34. Command before giving a dog a bone","35. With 39-Across, *1973-85","37. Carry with effort","39. See 35-Across","43. Single-stranded molecule","45. Ill-bred fellows","47. PlayStation competitor","48. *1995-2002","51. Leaning left","53. It's kept in a pen","54. S.&L. offerings","55. Finish in the top three, in the Olympics","58. \"What's gotten ___ you?\"","62. Prominent shark feature","63. *2006-","65. ___ of the line","66. Kitchen cutting tool","67. Likelier to win a baby contest","68. British rule in colonial India","69. Joe ___ (ordinary sort)","70. Saw logs"],"down":["1. ___ Hashana (Jewish holy day)","2. Roughly 3.8 million square miles, for the United States","3. Words of self-empowerment","4. Serenaded","5. Keyboard key","6. Clearasil target","7. What the answers to the starred clues share, in two ways","8. Frozen potato brand","9. Jumps the track","10. Big name in ice cream","11. Format of some talk radio shows","12. Most of our planet's surface","13. Human ___","18. Largest city in Nebraska","22. Instagram upload","24. Less forgiving","26. Henry L. ___, secretary of war during W.W. II","27. La Brea goo","28. \"What was ___ think?\"","29. Actress Ryan of \"Sleepless in Seattle\"","30. Designer letters on a handbag","31. Two, in cards","36. Iroquoians of New York","38. Talk incessantly","40. Have the title to","41. River inlet","42. German \"one\"","44. Jesus' language","46. Tool for a carpenter or dentist","48. Popular sandwich, informally","49. Tighten, as a fist","50. Vail trail","51. Long-term inmate","52. One of Chekhov's \"Three Sisters\"","56. Per ___ (daily)","57. Commercial prefix with postale","59. Alliance that keeps a wary eye on Russia","60. Wedding cake layer","61. Shrek, for one","63. Cavity filler's deg.","64. Dosage amts."]},"code":null,"copyright":"2017, The New York Times","date":"4\/10\/2017","dow":"Monday","downmap":null,"editor":"Will Shortz","grid":["R","A","I","S","E",".","A","B","O","D","E",".","C","O","B","O","R","C","A","S",".","C","O","R","E","D",".","A","C","E","S","E","A","N","C","O","N","N","E","R","Y",".","L","E","I","H","A","N","G",".","M","E","D","I","A",".","P","L","A","N",".",".",".","T","S","A",".",".","D","I","S","H","I","N","G","T","I","M","O","T","H","Y","D","A","L","T","O","N",".",".","A","T","E",".","E","A","S","E",".","S","I","T",".",".",".","R","O","G","E","R",".","L","U","G",".","M","O","O","R","E",".",".",".","R","N","A",".","C","A","D","S",".","W","I","I",".",".","P","I","E","R","C","E","B","R","O","S","N","A","N","L","I","B","E","R","A","L",".",".","I","N","K",".",".",".","I","R","A","S",".","M","E","D","A","L",".","I","N","T","O","F","I","N",".","D","A","N","I","E","L","C","R","A","I","G","E","N","D",".","D","I","C","E","R",".","C","U","T","E","R","R","A","J",".","S","C","H","M","O",".","S","N","O","R","E"],"gridnums":[1,2,3,4,5,0,6,7,8,9,10,0,11,12,13,14,0,0,0,0,0,15,0,0,0,0,0,16,0,0,17,0,0,0,0,18,0,0,0,0,0,0,19,0,0,20,0,0,0,0,21,0,0,0,0,0,22,0,0,0,0,0,0,23,24,0,0,0,25,0,26,0,0,0,0,27,28,29,0,0,0,30,31,0,0,0,0,0,0,0,32,0,0,0,33,0,0,0,0,34,0,0,0,0,0,35,0,0,36,0,0,37,0,38,0,39,0,40,41,42,0,0,0,43,0,44,0,45,0,46,0,0,47,0,0,0,0,48,0,0,0,49,0,0,0,0,50,0,0,0,51,52,0,0,0,0,0,0,0,53,0,0,0,0,0,54,0,0,0,0,55,0,56,57,0,0,58,59,60,61,62,0,0,0,63,0,0,0,0,0,64,0,0,0,0,65,0,0,0,66,0,0,0,0,0,67,0,0,0,0,68,0,0,0,69,0,0,0,0,0,70,0,0,0,0],"hastitle":false,"hold":null,"id":null,"id2":null,"interpretcolors":null,"jnotes":null,"key":null,"mini":null,"notepad":"In the print version of this puzzle, the clue number 7 in both the grid and clues reads \"007\" instead. This does not affect solving.","publisher":"The New York Times","rbars":null,"shadecircles":null,"size":{"cols":15,"rows":15},"title":"NY TIMES, MON, APR 10, 2017","track":null,"type":null,"uniclue":false}