{"acrossmap":null,"admin":false,"answers":{"across":["MANUP","RID","LOPES","ALITO","AMY","INEPT","ROKER","CANAVERAL","GUESSTIMATES","EDS","CIS","MAT","ADO","HOMEINVADER","SHAPE","LTD","CENT","WALLSTREETCRASH","ALEE","HOC","AEREO","MARXBROTHER","PLO","IAM","OTS","WAC","SPLITTHEBILL","MAPLELEAF","ALLIE","ANTED","SRO","TIMER","GNAWS","TAR","SPANK"],"down":["MARGE","ALOUD","NIKES","UTES","PORSCHES","RACISM","IMAM","DYNAMITE","LIVETV","ONES","PER","EPA","STL","ATANDT","TIO","ADEAR","DENSE","ORTHO","ELECT","ACRE","SWAMP","HALAL","ALERO","PLEX","THRALL","ROOMIEST","CARSEATS","BIPEDS","HOTFOR","ETH","WILMA","ALIEN","CLERK","SLEW","TARA","BLIP","MAG","ANN","PTA"]},"author":"Emily Carroll","autowrap":null,"bbars":null,"circles":[0,0,0,0,0,0,0,0,0,0,0,0,0,0,0,0,0,0,0,0,0,0,0,0,0,0,0,0,0,0,0,0,0,0,0,0,0,0,0,0,0,0,0,0,0,1,0,0,0,0,0,0,0,1,1,1,1,0,0,0,0,0,0,0,0,0,0,0,0,0,0,0,0,0,0,0,0,0,0,1,0,0,0,0,0,0,1,1,1,1,0,0,0,0,0,0,0,0,0,0,0,0,0,0,0,1,1,1,0,0,0,0,0,0,0,0,0,0,1,1,0,0,0,0,0,0,0,0,0,0,0,0,0,0,0,1,1,0,0,0,0,0,0,1,1,1,0,0,0,0,0,0,0,0,0,0,0,0,0,0,0,0,0,0,0,0,0,0,0,0,0,0,0,0,0,0,0,0,0,0,0,0,0,0,0,0,0,0,0,0,0,0,0,0,0,0,0,0,0,0,0,0,0,0,0,0,0,0,0,0,0,0,0,0,0,0,0,0,0,0,0,0,0,0,0],"clues":{"across":["1. \"Don't be such a baby!\"","6. Divest (of)","9. Easy gaits","14. O'Connor's Supreme Court successor","15. Comedian Schumer","16. All thumbs","17. Longtime name on NBC's \"Today\"","18. Home to the Kennedy Space Center, familiarly","20. Ballpark figures","22. Actors Helms and Harris","23. Opposite of trans-, with respect to gender","24. A welcome sight?","25. Ruckus","28. Unwanted guest","31. Some run to get in it","35. Inc., abroad","36. Euro denomination","37. Black Tuesday event","41. Sheltered from the wind","42. Latin word after post or ad","43. Correo ___ (Spanish airmail)","44. Any one of the stars of \"Duck Soup\"","48. Grp. once led by Arafat","49. Existential statement","50. Bonus sports periods, for short","51. W.W. II female","54. Go Dutch ... or a hint to 20-, 28-, 37- and 44-Across","57. Toronto athlete","60. Kate's sitcom housemate","61. Chipped in, in a way","62. B'way posting","63. Stopwatch","64. Eats like a rodent","65. Old sailor","66. Beat handily"],"down":["1. Homer's love","2. One way to think","3. Adidas alternatives","4. Four Corners-area tribe","5. Cayman and Cayenne","6. \"To Kill a Mockingbird\" theme","7. Muslim leader","8. \"Awesome!\"","9. Broadcast shown as it happens","10. Tip jar fillers","11. ___ capita","12. Org. concerned with ecology","13. Cardinal's letters","19. T-Mobile rival","21. Padre's hermano","25. \"Be ___ ...\" (request starter)","26. Not too quick on the uptake","27. Prefix with -pedic","29. Campaign poster word","30. Realtor's unit","31. Overwhelm","32. Like much food cart meat","33. Old Olds","34. Movie trailer?","38. One in bondage","39. Least cramped","40. Buckets, perhaps","45. Ostriches and kangaroos, e.g.","46. Lusting after","47. Biblical suffix","51. One of the Flintstones","52. 1979 sci-fi thriller","53. Court employee","54. Killed, as a dragon","55. Gold-medal skater Lipinski","56. Dot on a radar screen","57. Outside or InStyle, in brief","58. ___ Arbor, Mich.","59. \"Harper Valley ___\" (1968 #1 hit)"]},"code":null,"copyright":"2017, The New York Times","date":"4\/12\/2017","dow":"Wednesday","downmap":null,"editor":"Will Shortz","grid":["M","A","N","U","P",".","R","I","D",".","L","O","P","E","S","A","L","I","T","O",".","A","M","Y",".","I","N","E","P","T","R","O","K","E","R",".","C","A","N","A","V","E","R","A","L","G","U","E","S","S","T","I","M","A","T","E","S",".",".",".","E","D","S",".","C","I","S",".","M","A","T",".","A","D","O",".",".",".",".","H","O","M","E","I","N","V","A","D","E","R","S","H","A","P","E",".",".","L","T","D",".","C","E","N","T","W","A","L","L","S","T","R","E","E","T","C","R","A","S","H","A","L","E","E",".","H","O","C",".",".","A","E","R","E","O","M","A","R","X","B","R","O","T","H","E","R",".",".",".",".","P","L","O",".","I","A","M",".","O","T","S",".","W","A","C",".",".",".","S","P","L","I","T","T","H","E","B","I","L","L","M","A","P","L","E","L","E","A","F",".","A","L","L","I","E","A","N","T","E","D",".","S","R","O",".","T","I","M","E","R","G","N","A","W","S",".","T","A","R",".","S","P","A","N","K"],"gridnums":[1,2,3,4,5,0,6,7,8,0,9,10,11,12,13,14,0,0,0,0,0,15,0,0,0,16,0,0,0,0,17,0,0,0,0,0,18,0,0,19,0,0,0,0,0,20,0,0,0,0,21,0,0,0,0,0,0,0,0,0,22,0,0,0,23,0,0,0,24,0,0,0,25,26,27,0,0,0,0,28,0,0,29,0,0,0,30,0,0,0,31,32,33,34,0,0,0,35,0,0,0,36,0,0,0,37,0,0,0,0,38,39,0,0,0,40,0,0,0,0,41,0,0,0,0,42,0,0,0,0,43,0,0,0,0,44,0,0,0,45,0,0,0,46,47,0,0,0,0,0,48,0,0,0,49,0,0,0,50,0,0,0,51,52,53,0,0,0,54,0,0,0,55,0,0,0,56,0,0,0,57,58,59,0,0,0,0,0,0,0,60,0,0,0,0,61,0,0,0,0,0,62,0,0,0,63,0,0,0,0,64,0,0,0,0,0,65,0,0,0,66,0,0,0,0],"hastitle":false,"hold":null,"id":null,"id2":null,"interpretcolors":null,"jnotes":null,"key":null,"mini":null,"notepad":null,"publisher":"The New York Times","rbars":null,"shadecircles":null,"size":{"cols":15,"rows":15},"title":"NY TIMES, WED, APR 12, 2017","track":null,"type":null,"uniclue":false}