{"acrossmap":null,"admin":false,"answers":{"across":["SEES","ETTE","LASS","TILT","REARS","ARIA","AREA","ASSAI","RATS","REALIST","STILES","ETES","ASEA","ALTAIR","ALISTER","SARIS","RITES","LAT","STIR","SELES","RITA","TET","STEER","EATER","RETAILS","ATREST","ELLS","ESAI","ISRAEL","SALTIER","RIIS","ETATS","IRAE","ELLE","RELEE","EASE","STER","LEST","SSTS"],"down":["STAR","EIRE","ELEA","STALEAIR","ERASER","TESTS","TAS","ERA","LARIAT","ARAL","SITE","SASS","SISSIES","ITIS","TESS","ALTER","ASST","LATER","TRITE","AILES","ELITE","RATES","REELS","TART","STILLER","RARITIES","SALE","ETAL","TEASER","ASASET","ESTES","IRES","SILT","RILE","IRAS","EAST","REES","TEL","ALE"]},"author":"Bruce Haight","autowrap":null,"bbars":null,"circles":null,"clues":{"across":["1. Matches, as a bet","5. Suffix with bachelor","9. Miss","13. Pinball game ender","14. Keisters","16. Mozart's \"Se vuol ballare,\" for one","17. Neck of the woods","18. Very, in music","19. \"Darn it all!\"","20. Practical sort ... or anagram #1 of the only seven letters used to make this puzzle","22. Ballpark gates","24. Times when the French go en vacances","25. Chasing Moby Dick, say","26. Brightest 1-Down in Aquila","29. Big celeb ... or anagram #2","32. Bollywood wraps","33. Formal ceremonies","34. One of a pair of map coordinates: Abbr.","36. Awaken","37. Tennis great Monica","38. Meter maid of song","39. Asian new year","40. Animals rounded up in a roundup","41. Foodie, e.g.","42. Sells (for) ... or anagram #3","44. Standing still","45. The black square chunk in front of 55-, 60- and 63-Across, and others","46. Actor Morales","47. Zionist's homeland","50. More coarse ... or anagram #4","54. Social reformer Jacob","55. Californie and others","58. \"Dies ___\"","59. Vogue rival","60. U. S. Grant rival","61. \"He'd fly through the air with the greatest of ___\" (old song lyric)","62. Suffix with prank or poll","63. \"___ we forget ...\"","64. Concordes, for short"],"down":["1. Sky light","2. Blarney Stone land","3. Zeno's home","4. Result of poor ventilation","5. Pink Pearl, for one","6. Things graded by 7-Down","7. See 6-Down","8. 1970s political cause, for short","9. It may be thrown from a horse","10. ___ Sea (former fourth-largest lake in the world)","11. Babylon, for the ancient Hanging Gardens","12. Lip","15. Fraidy-cats","21. \"That so?\"","23. Thomas Hardy heroine","25. Take up or let out","26. Admin. aide","27. \"See ya\"","28. Like the invitation line \"Be there or be square\"","29. Roger formerly of Fox News","30. CrÃ¨me de la crÃ¨me","31. Deserves V.I.P. treatment","33. Predigital film units","35. Piquant","37. Ben of \"Tower Heist\"","38. They come along once in a blue moon","40. Store window sign","41. List-ending abbr.","43. Come-on","44. How tableware is often sold","46. ___ Park, Colo.","47. Seriously vexes","48. Delta deposit","49. Vex","51. Nest eggs for the golden yrs.","52. Big ___ Conference","53. Roger who played a part on \"Cheers\"","56. Certain util. bill","57. Stein filler"]},"code":null,"copyright":"2017, The New York Times","date":"4\/18\/2017","dow":"Tuesday","downmap":null,"editor":"Will Shortz","grid":["S","E","E","S",".","E","T","T","E",".",".","L","A","S","S","T","I","L","T",".","R","E","A","R","S",".","A","R","I","A","A","R","E","A",".","A","S","S","A","I",".","R","A","T","S","R","E","A","L","I","S","T",".",".","S","T","I","L","E","S",".",".",".","E","T","E","S",".","A","S","E","A",".",".",".","A","L","T","A","I","R",".","A","L","I","S","T","E","R",".","S","A","R","I","S",".","R","I","T","E","S",".","L","A","T","S","T","I","R",".","S","E","L","E","S",".","R","I","T","A","T","E","T",".","S","T","E","E","R",".","E","A","T","E","R",".","R","E","T","A","I","L","S",".","A","T","R","E","S","T",".",".",".","E","L","L","S",".","E","S","A","I",".",".",".","I","S","R","A","E","L",".",".","S","A","L","T","I","E","R","R","I","I","S",".","E","T","A","T","S",".","I","R","A","E","E","L","L","E",".","R","E","L","E","E",".","E","A","S","E","S","T","E","R",".",".","L","E","S","T",".","S","S","T","S"],"gridnums":[1,2,3,4,0,5,6,7,8,0,0,9,10,11,12,13,0,0,0,0,14,0,0,0,15,0,16,0,0,0,17,0,0,0,0,18,0,0,0,0,0,19,0,0,0,20,0,0,0,21,0,0,0,0,22,23,0,0,0,0,0,0,0,24,0,0,0,0,25,0,0,0,0,0,0,26,27,28,0,0,0,0,29,0,0,0,0,30,31,0,32,0,0,0,0,0,33,0,0,0,0,0,34,0,35,36,0,0,0,0,37,0,0,0,0,0,38,0,0,0,39,0,0,0,40,0,0,0,0,0,41,0,0,0,0,0,42,0,43,0,0,0,0,0,44,0,0,0,0,0,0,0,0,45,0,0,0,0,46,0,0,0,0,0,0,47,48,49,0,0,0,0,0,50,0,0,0,51,52,53,54,0,0,0,0,55,56,57,0,0,0,58,0,0,0,59,0,0,0,0,60,0,0,0,0,0,61,0,0,0,62,0,0,0,0,0,63,0,0,0,0,64,0,0,0],"hastitle":false,"hold":null,"id":null,"id2":null,"interpretcolors":null,"jnotes":"<p>A grid with only 7 different letters is an NYT record. The previous mark was 8, set in <a href=\"https:\/\/www.xwordinfo.com\/Crossword?date=4\/14\/2015\">this 2015 puzzle,<\/a> also by Mr. Haight. <a href=\"https:\/\/www.xwordinfo.com\/Fewest\">Here&#39;s a list<\/a> of all the other low letter-count grids.<\/p>\u000d\u000a\u000d\u000a<p>The record holder before that was yesterday&#39;s constructor <a class=\"hasphoto\" href=\"https:\/\/www.xwordinfo.com\/Thumbs?author=Peter+Gordon\">Peter Gordon<\/a> who used only 10 letters in <a href=\"https:\/\/www.xwordinfo.com\/Crossword?date=6\/5\/2001\">this 2001 puzzle<\/a>, a grid that set a different record which will never be broken.<\/p>","key":null,"mini":null,"notepad":null,"publisher":"The New York Times","rbars":null,"shadecircles":null,"size":{"cols":15,"rows":15},"title":"NY TIMES, TUE, APR 18, 2017","track":null,"type":null,"uniclue":false}