{"acrossmap":null,"admin":false,"answers":{"across":["SLAW","JANUS","AQUA","TECH","ABOVE","RUNS","EREI","KERRI","MATT","MONSTERMASH","KOI","SITKA","DAYMARE","EDGER","SURFS","PLAYAREA","MANGIA","RONS","ENE","ANNULS","EKEOUT","LIENEE","VICUNA","APR","DRAGSHOW","SHIA","NEO","SAWEDINHALF","OATS","RENO","CILIA","TSAR","BARR","AGLET","EELS","OTIS","RHODE"],"down":["STEMS","LEROI","ACENT","WHISKEYSOUR","JAKE","ABERDEEN","NORMARAE","UVRAY","SEISM","ARM","QUAKERGUN","UNTO","ASTI","TADA","HASANIP","RUNNERSHIGH","GRETAGARBO","FILE","SASE","PREV","LOKI","ANECDOTAL","MALAWI","UNAS","SWEAT","HENRI","ODORS","HALLO","ILIED","AFATE","NOTE","EASE","NCAR","SRS"]},"author":"Emanuel Ax and Brad Wilber","autowrap":null,"bbars":null,"circles":null,"clues":{"across":["1. BBQ platter side","5. Two-faced god","10. Shade of blue","14. Low-___","15. \"___ the Law\" (Steven Seagal picture)","16. Worries for Great Depression banks","17. \"Fly ___ spurn thee ...\" : Shelley","18. Olympic gymnast Strug","19. ___ Dillon, lead role on \"Gunsmoke\"","20. Classic song with the lyric \"Whatever happened to my Transylvania twist?\"","23. Gold in a pond?","24. Early capital of Alaska","25. Troubling reverie","27. Landscaping tool","29. Flips through, as TV channels","32. What the keys are to a pianist?","35. Trattoria order?","36. Hamilton biographer Chernow and others","37. Suffix with acetyl","38. Negates","39. Just make","41. Holder of encumbered property","42. Andean animal with expensive wool","43. Mo. of Thomas Jefferson's birthday","44. \"La Cage aux Folles\" enterprise","48. One side of a longstanding feud","52. Prefix with classical","54. Like some magicians' assistants, apparently","56. Feedbag bits","58. Eight-year Clinton cabinet member","59. Eyelashes","60. 1917 dethronee","61. Mystery writer Nevada ___","62. Shoelace tip","63. Slippery swimmers","64. Soulful Redding","65. ___ Island Red (fowl type)"],"down":["1. Comes (from)","2. One who was wished a long life, in old French cheers","3. F. Scott Fitzgerald's \"Two for ___\"","4. Drink often garnished with a cherry","5. Hunky-dory","6. Scottish city that lent its name to a cattle breed","7. Best Picture loser to \"Kramer vs. Kramer\"","8. Tanning element, informally","9. It's measured by the Richter scale","10. What a radius is part of","11. Log painted deceptively to look like a cannon","12. \"Do ___ others ...\"","13. Italian wine town","21. Cry before curtsying or taking a bow","22. Tipples circumspectly","26. Exercise-induced euphoria","28. Famously reclusive Hollywood legend","30. \"___ and Forget\" (classic humor piece by James Thurber)","31. Autograph collector's enclosure, for short","32. Earlier: Abbr.","33. Shape-shifter of Norse mythology","34. Not statistically based, as evidence","35. Nyasaland, today","40. Some, in Seville","45. Worry about, informally","46. Artist ___ de Toulouse-Lautrec","47. They could be represented by a cartoonist's wavy lines","49. Salutation among Winnie-the-Pooh and friends","50. Words before \"so sue me\"","51. ___ worse than death","52. Word that can follow the ends of 20- and 54-Across and 4- and 26-Down","53. What pros handle things with","55. Nascar Hall of Fame locale: Abbr.","57. Some SAT takers: Abbr."]},"code":null,"copyright":"2017, The New York Times","date":"4\/19\/2017","dow":"Wednesday","downmap":null,"editor":"Will Shortz","grid":["S","L","A","W",".","J","A","N","U","S",".","A","Q","U","A","T","E","C","H",".","A","B","O","V","E",".","R","U","N","S","E","R","E","I",".","K","E","R","R","I",".","M","A","T","T","M","O","N","S","T","E","R","M","A","S","H",".","K","O","I","S","I","T","K","A",".","D","A","Y","M","A","R","E",".",".",".",".",".","E","D","G","E","R",".",".","S","U","R","F","S","P","L","A","Y","A","R","E","A",".","M","A","N","G","I","A","R","O","N","S",".","E","N","E",".","A","N","N","U","L","S","E","K","E","O","U","T",".",".",".","L","I","E","N","E","E","V","I","C","U","N","A",".",".",".","A","P","R",".",".",".",".",".","D","R","A","G","S","H","O","W",".","S","H","I","A","N","E","O",".","S","A","W","E","D","I","N","H","A","L","F","O","A","T","S",".","R","E","N","O",".","C","I","L","I","A","T","S","A","R",".","B","A","R","R",".","A","G","L","E","T","E","E","L","S",".","O","T","I","S",".","R","H","O","D","E"],"gridnums":[1,2,3,4,0,5,6,7,8,9,0,10,11,12,13,14,0,0,0,0,15,0,0,0,0,0,16,0,0,0,17,0,0,0,0,18,0,0,0,0,0,19,0,0,0,20,0,0,0,21,0,0,0,0,0,22,0,23,0,0,24,0,0,0,0,0,25,0,0,0,0,26,0,0,0,0,0,0,27,0,28,0,0,0,0,29,0,0,30,31,32,33,34,0,0,0,0,0,0,35,0,0,0,0,0,36,0,0,0,0,37,0,0,0,38,0,0,0,0,0,39,0,0,0,40,0,0,0,0,41,0,0,0,0,0,42,0,0,0,0,0,0,0,0,43,0,0,0,0,0,0,0,44,0,0,0,45,46,47,0,0,48,49,50,51,52,53,0,0,54,0,0,0,0,0,55,0,0,0,0,56,0,0,57,0,58,0,0,0,0,59,0,0,0,0,60,0,0,0,0,61,0,0,0,0,62,0,0,0,0,63,0,0,0,0,64,0,0,0,0,65,0,0,0,0],"hastitle":false,"hold":null,"id":null,"id2":null,"interpretcolors":null,"jnotes":null,"key":null,"mini":null,"notepad":"CELEBRITY CROSSWORD<br \/>To mark the 75th anniversary of the New York Times crossword, which debuted in 1942, we are publishing a series of puzzles co-created by famous people who solve the Times crossword, working together with regular Times puzzle contributors.<br \/>    <br \/>This collaboration is by the Grammy-winning classical pianist Emanuel Ax, who also teaches at the Juilliard School, working with Brad Wilber, a reference librarian at Houghton College in upstate New York. This is Brad's 50th puzzle for The Times. <br \/><br \/>The celebrity collaborations will continue periodically through the year.<br \/><br \/>More information about the making of today's puzzle appears in the Times's daily crossword column (nytimes.com\/column\/wordplay).","publisher":"The New York Times","rbars":null,"shadecircles":null,"size":{"cols":15,"rows":15},"title":"NY TIMES, WED, APR 19, 2017","track":null,"type":null,"uniclue":false}