{"acrossmap":null,"admin":false,"answers":{"across":["HEBRIDES","MESSES","AQUILINE","AXILLA","JUICEBOX","ZANILY","JACKASSTHEMOVIE","ILKS","AWS","JEER","PREPPY","MAR","CHEROKEE","PAPIER","BADIDEA","ROXANNE","SHINED","MAKINGDO","EGO","BITEME","CUFF","TAN","SAYA","ARAISININTHESUN","PILEUP","CAREWORN","ECCLES","ATALANTA","SHODDY","REDDRESS"],"down":["HAJJI","EQUAL","BUICK","RICKSPRINGFIELD","ILEA","DIBS","ENOS","SEXTAPE","MAZES","EXAM","SINOJAPANESEWAR","SLIVERING","ELLIE","SAYER","HWY","RODEO","EKED","PEA","MAXIM","CBS","HAH","EDIEFALCO","POKE","END","REO","RAT","MINICAR","BAN","CAPES","URICH","TIPSY","ASONE","YURTS","ANNAS","SUED","NATE","TRAD","HELD"]},"author":"Adam Fromm","autowrap":null,"bbars":null,"circles":null,"clues":{"across":["1. Skye, the Small Isles, etc.","9. Fiddles (with)","15. Eaglelike","16. Armpit, to a doctor","17. Brown-bag lunch item","18. With wacky irreverence","19. 2002 \"documentary\" with \"Don't try this at home\" contents","21. Varieties","22. Sounds of pity","23. Fan sound","24. Like an ascot, perhaps","28. Put a dent in, say","29. Jeep model","32. Le Monde material","35. \"No, you don't want to do that\"","36. First hit for the Police","37. Performed beautifully","38. Managing","39. Psychological mediator","40. \"Drop dead, loser\"","41. Strike sharply","43. Change one's tone?","44. \"Don't ___ thing\"","48. Hit 1959 Broadway play starring Sidney Poitier","53. Jam producer","54. Bowed with adversity","55. Book after Proverbs: Abbr.","56. Only woman aboard the Argo, it's said","57. Third-rate","58. \"Jezebel\" costume"],"down":["1. Faithful pilgrim","2. Congruent","3. Riviera, e.g.","4. Singer with a recurring role on \"General Hospital\"","5. Guts, in part","6. \"Mine!\"","7. Slaughter of the Cardinals","8. Record of affairs?","9. Achievements in large-scale topiary","10. Bar ___","11. Historic conflict in and around the Yellow Sea","12. Reducing to splinters","13. ___ Kemper, star of TV's \"Unbreakable Kimmy Schmidt\"","14. Leo with the 1977 #1 hit \"When I Need You\"","20. Any I, e.g.: Abbr.","25. What may involve the calf muscles?","26. Managed, with \"out\"","27. Shade of green","28. Saw","29. Its logo is based on a Pennsylvania Dutch hex sign","30. Derisive reply","31. \"The Sopranos\" actress","32. Slow sort, informally","33. Patootie","34. ___ Motors, old Lansing manufacturer","36. Tattle","38. Subcompact","40. International treaty subject","41. Coastline features","42. Robert of \"Spenser: For Hire\"","43. A little tight","45. Simultaneously","46. Round abodes","47. Dancer Pavlova and others","49. Went after, in a way","50. ___ the Great of children's literature","51. Like many folk songs: Abbr.","52. Stood fast"]},"code":null,"copyright":"2017, The New York Times","date":"4\/22\/2017","dow":"Saturday","downmap":null,"editor":"Will Shortz","grid":["H","E","B","R","I","D","E","S",".","M","E","S","S","E","S","A","Q","U","I","L","I","N","E",".","A","X","I","L","L","A","J","U","I","C","E","B","O","X",".","Z","A","N","I","L","Y","J","A","C","K","A","S","S","T","H","E","M","O","V","I","E","I","L","K","S",".",".",".","A","W","S",".","J","E","E","R",".",".",".","P","R","E","P","P","Y",".","M","A","R",".",".","C","H","E","R","O","K","E","E",".","P","A","P","I","E","R","B","A","D","I","D","E","A",".","R","O","X","A","N","N","E","S","H","I","N","E","D",".","M","A","K","I","N","G","D","O",".",".","E","G","O",".","B","I","T","E","M","E",".",".",".","C","U","F","F",".","T","A","N",".",".",".","S","A","Y","A","A","R","A","I","S","I","N","I","N","T","H","E","S","U","N","P","I","L","E","U","P",".","C","A","R","E","W","O","R","N","E","C","C","L","E","S",".","A","T","A","L","A","N","T","A","S","H","O","D","D","Y",".","R","E","D","D","R","E","S","S"],"gridnums":[1,2,3,4,5,6,7,8,0,9,10,11,12,13,14,15,0,0,0,0,0,0,0,0,16,0,0,0,0,0,17,0,0,0,0,0,0,0,0,18,0,0,0,0,0,19,0,0,0,0,0,0,0,20,0,0,0,0,0,0,21,0,0,0,0,0,0,22,0,0,0,23,0,0,0,0,0,0,24,25,26,27,0,0,0,28,0,0,0,0,29,30,31,0,0,0,0,0,0,32,0,0,0,33,34,35,0,0,0,0,0,0,0,36,0,0,0,0,0,0,37,0,0,0,0,0,0,38,0,0,0,0,0,0,0,0,0,39,0,0,0,40,0,0,0,0,0,0,0,0,41,42,0,0,0,43,0,0,0,0,0,44,45,46,47,48,0,0,0,49,0,0,0,50,51,52,0,0,0,0,53,0,0,0,0,0,0,54,0,0,0,0,0,0,0,55,0,0,0,0,0,0,56,0,0,0,0,0,0,0,57,0,0,0,0,0,0,58,0,0,0,0,0,0,0],"hastitle":false,"hold":null,"id":null,"id2":null,"interpretcolors":null,"jnotes":null,"key":null,"mini":null,"notepad":null,"publisher":"The New York Times","rbars":null,"shadecircles":null,"size":{"cols":15,"rows":15},"title":"NY TIMES, SAT, APR 22, 2017","track":null,"type":null,"uniclue":false}