{"acrossmap":null,"admin":false,"answers":{"across":["HTML","CHEF","PSALM","OWES","IOTA","EERIE","WORDSALAD","GAPED","TAM","WOE","IRATE","OMAHA","ENOS","GMT","NOTHINGBURGER","THIRD","SEINE","SWIM","PANSY","DOSE","POSIT","OPENS","COUCHPOTATOES","ALP","ROLE","BANGS","PRIED","GEE","IOU","SEOUL","HUMBLEPIE","EASEL","ARAB","MEND","TRESS","TINS","URGE"],"down":["HOWTO","TWOAM","MERMAN","LSD","CIAO","HOLE","ETA","FADING","PEGASUS","SEAT","ARPEGGIO","LIE","MED","SWATH","ROB","HOTMIC","ENDNOTE","MENS","TREE","HIP","IRA","REDSEA","SPCA","WOOL","ISUPPOSE","SPA","YET","THRILLS","NOBEL","POE","OLDHAT","SNIPER","GOING","SUEDE","RUES","GMAN","EBBS","SET","EAR","URI","EMU"]},"author":"Gary Cee","autowrap":null,"bbars":null,"circles":null,"clues":{"across":["1. Web designer's code","5. One wearing an apron and a puffy white hat","9. One includes \"My cup runneth over\" in the Bible","14. Has debts","15. Slight amount","16. Like a wolf's howl in the dead of night","17. Gobbledygook","19. Looked open-mouthed","20. Scot's cap","21. \"___ is me!\"","22. Up in arms","24. Nebraska's capital before Lincoln","26. Grandson of Adam","27. Clock-setting std.","30. Big fat zero","34. Like Jefferson on a list of presidents","35. River through Paris","36. Do laps in a pool","39. Flower that's also a girl's name","42. Spoonful of medicine, say","43. Put forward, as an idea","45. Unlocks","47. Habitual tube watchers","51. Swiss peak","52. Part in a movie","53. Hair that hangs over the forehead","56. Used a lever on","58. \"Golly!\"","60. Promise-to-pay note","61. Capital of South Korea","63. What a shamed person has to \"eat\"","66. Stand on three legs?","67. Mideast native","68. On the ___ (recuperating)","69. Lock of hair","70. Metal canisters","71. Hankering"],"down":["1. Book consulted by a do-it-yourselfer","2. Time in Manhattan when it's midnight in Montana","3. Ethel who sang \"There's No Business Like Show Business\"","4. It was often dropped in the '60s","5. \"See ya!\"","6. Woodchuck's escape route","7. Airline app datum, for short","8. On the decline","9. Flying horse of Greek myth","10. \"Save me a ___!\"","11. Notes of a chord played in rapid succession","12. Fib","13. Club ___","18. Path of mowed grass","23. Steal from","25. It might capture an embarrassing comment","26. Bit of appended text","28. Store department selling suits and ties","29. Obstacle for a drone","31. Modern and cool","32. Plan that might include mutual funds, in brief","33. Body of water that separates Africa and Asia","36. Pet safety org.","37. Sheep's coat","38. \"It's certainly possible ...\"","40. Hot spring","41. \"The best is ___ to come\"","44. What amusement parks provide","46. 2016 prize for Bob Dylan","48. Who wrote of \"sorrow for the lost Lenore\"","49. Out-of-date","50. Marksman with an M40","54. Word cried twice before \"gone\"","55. Napped leather","57. Feels remorse over","58. F.B.I. worker, informally","59. Recedes","61. Ready","62. Place for a bud or a stud","64. Celebrity psychic Geller","65. Down Under bird"]},"code":null,"copyright":"2017, The New York Times","date":"4\/24\/2017","dow":"Monday","downmap":null,"editor":"Will Shortz","grid":["H","T","M","L",".","C","H","E","F",".","P","S","A","L","M","O","W","E","S",".","I","O","T","A",".","E","E","R","I","E","W","O","R","D","S","A","L","A","D",".","G","A","P","E","D","T","A","M",".","W","O","E",".","I","R","A","T","E",".",".","O","M","A","H","A",".",".","E","N","O","S",".","G","M","T",".",".","N","O","T","H","I","N","G","B","U","R","G","E","R",".",".",".","T","H","I","R","D",".",".","S","E","I","N","E","S","W","I","M",".","P","A","N","S","Y",".","D","O","S","E","P","O","S","I","T",".",".","O","P","E","N","S",".",".",".","C","O","U","C","H","P","O","T","A","T","O","E","S",".",".","A","L","P",".","R","O","L","E",".",".","B","A","N","G","S",".",".","P","R","I","E","D",".","G","E","E",".","I","O","U","S","E","O","U","L",".","H","U","M","B","L","E","P","I","E","E","A","S","E","L",".","A","R","A","B",".","M","E","N","D","T","R","E","S","S",".","T","I","N","S",".","U","R","G","E"],"gridnums":[1,2,3,4,0,5,6,7,8,0,9,10,11,12,13,14,0,0,0,0,15,0,0,0,0,16,0,0,0,0,17,0,0,0,18,0,0,0,0,0,19,0,0,0,0,20,0,0,0,21,0,0,0,22,23,0,0,0,0,0,24,0,0,25,0,0,0,26,0,0,0,0,27,28,29,0,0,30,0,0,31,32,0,0,0,0,33,0,0,0,0,0,0,34,0,0,0,0,0,0,35,0,0,0,0,36,37,38,0,0,39,0,0,40,41,0,42,0,0,0,43,0,0,0,44,0,0,45,0,0,46,0,0,0,0,47,0,0,0,0,48,49,0,0,0,0,0,50,0,0,51,0,0,0,52,0,0,0,0,0,53,0,0,54,55,0,0,56,57,0,0,0,0,58,59,0,0,60,0,0,61,62,0,0,0,0,63,64,0,0,0,65,0,0,0,66,0,0,0,0,0,67,0,0,0,0,68,0,0,0,69,0,0,0,0,0,70,0,0,0,0,71,0,0,0],"hastitle":false,"hold":null,"id":null,"id2":null,"interpretcolors":null,"jnotes":null,"key":null,"mini":null,"notepad":null,"publisher":"The New York Times","rbars":null,"shadecircles":null,"size":{"cols":15,"rows":15},"title":"NY TIMES, MON, APR 24, 2017","track":null,"type":null,"uniclue":false}