{"acrossmap":null,"admin":false,"answers":{"across":["ASH","BBC","SCRAWL","THEATEAM","ARABIA","MEACULPA","NATANT","FERN","GIRD","MATTE","ESTEE","TIEUP","TEX","EHS","KOALAS","CORE","DILLYDALLIES","SOUNDINGBOARD","GEORGESMILEY","ITSA","STOVES","GEE","GAP","STINE","STEAM","ASONE","CRAB","ONTO","TIRANA","OWLSNEST","ODESSA","EAUDEVIE","NESTEA","YES","AND"],"down":["ATMFEE","SHEESH","HEARTS","BTU","BELG","CAPITALISTIC","SAN","CRAMP","RATA","ABATTOIR","WINTERED","LATEXES","ACNE","MARILYNMONROE","DEADGIVEAWAY","EKING","USABLE","OLDEST","CLAY","DURA","LOESS","SETASIDE","OOSPORES","GIGATON","GENEVA","EATSIN","EMOTED","SENSE","TONE","NAST","BLUE","AAA","SDS"]},"author":"Martin Ashwood-Smith","autowrap":null,"bbars":null,"circles":null,"clues":{"across":["1. Result of a firing","4. English channel","7. It's poorly written","13. Hannibal's men","16. 1962 Best Picture setting","17. Fault line?","18. Swimming","19. Shade of green","20. Bind with a belt","22. Certain finish","23. Chanel No. 5 competitor","25. Gridlock consequence","27. Many a Dallas cowboy","28. Comments that lead people to repeat themselves","29. Ones carrying babies on their backs","31. Middle Earth?","32. Dawdles","34. Source of feedback","36. Fictional spy who first appeared in \"Call for the Dead\"","37. \"___ joke\"","38. Ranges","39. Go the right way?","42. Mystery in the fossil record","43. Writer with the given names Robert Lawrence","44. Tick off","46. Jointly","48. Whine lover?","50. Undeceived by","51. Capital for King Zog","53. Hooter's location","55. Setting for Sergei Eisenstein's \"Battleship Potemkin\"","56. Clear brandy","57. Brisk competitor","58. Fist pumper's cry","59. Besides"],"down":["1. PIN money?","2. \"Jeez Louise!\"","3. Trick-taking card game","4. About 252 cals.","5. Like M. Poirot","6. Competitive, in a way","7. Title of politeness","8. Swimmer's woe","9. Pro ___","10. Slaughterhouse","11. Spent a season in the sun?","12. Rubbery compounds","14. Certain eruption","15. Famed Pop Art subject","21. It's pretty obvious","24. Augmenting, old-style","26. Functional","30. Guinness adjective","31. Modeling medium","32. Long-lasting, in commercial names","33. Good earth","34. Table","35. Some fertilized eggs","36. Unit of explosive capacity","39. Palace of Nations locale","40. Has a home-cooked meal","41. Made a big scene?","43. Import","45. Step on a scale","47. Illustrator Thomas","49. Down","52. Strong, as a bond","54. New Left org."]},"code":null,"copyright":"2017, The New York Times","date":"4\/29\/2017","dow":"Saturday","downmap":null,"editor":"Will Shortz","grid":["A","S","H",".","B","B","C",".",".","S","C","R","A","W","L","T","H","E","A","T","E","A","M",".","A","R","A","B","I","A","M","E","A","C","U","L","P","A",".","N","A","T","A","N","T","F","E","R","N",".","G","I","R","D",".","M","A","T","T","E","E","S","T","E","E",".","T","I","E","U","P",".","T","E","X","E","H","S",".","K","O","A","L","A","S",".","C","O","R","E",".",".",".","D","I","L","L","Y","D","A","L","L","I","E","S",".","S","O","U","N","D","I","N","G","B","O","A","R","D",".","G","E","O","R","G","E","S","M","I","L","E","Y",".",".",".","I","T","S","A",".","S","T","O","V","E","S",".","G","E","E","G","A","P",".","S","T","I","N","E",".","S","T","E","A","M","A","S","O","N","E",".","C","R","A","B",".","O","N","T","O","T","I","R","A","N","A",".","O","W","L","S","N","E","S","T","O","D","E","S","S","A",".","E","A","U","D","E","V","I","E","N","E","S","T","E","A",".",".","Y","E","S",".","A","N","D"],"gridnums":[1,2,3,0,4,5,6,0,0,7,8,9,10,11,12,13,0,0,14,0,0,0,15,0,16,0,0,0,0,0,17,0,0,0,0,0,0,0,0,18,0,0,0,0,0,19,0,0,0,0,20,0,0,21,0,22,0,0,0,0,23,0,0,0,24,0,25,0,0,26,0,0,27,0,0,28,0,0,0,29,30,0,0,0,0,0,31,0,0,0,0,0,0,32,0,0,0,0,0,0,33,0,0,0,0,0,34,35,0,0,0,0,0,0,0,0,0,0,0,0,36,0,0,0,0,0,0,0,0,0,0,0,0,0,0,37,0,0,0,0,38,0,0,0,0,0,0,39,40,41,42,0,0,0,43,0,0,0,0,0,44,45,0,0,0,46,0,0,47,0,0,48,0,0,49,0,50,0,0,0,51,0,0,0,0,52,0,53,0,0,54,0,0,0,0,55,0,0,0,0,0,0,56,0,0,0,0,0,0,0,57,0,0,0,0,0,0,0,58,0,0,0,59,0,0],"hastitle":false,"hold":null,"id":null,"id2":null,"interpretcolors":null,"jnotes":null,"key":null,"mini":null,"notepad":null,"publisher":"The New York Times","rbars":null,"shadecircles":null,"size":{"cols":15,"rows":15},"title":"NY TIMES, SAT, APR 29, 2017","track":null,"type":null,"uniclue":false}