{"acrossmap":null,"admin":false,"answers":{"across":["SWARM","ATAD","PAST","OHGEE","ROUE","ARLO","FIRSTIMPRESSION","AGILITY","OPUSDEI","INS","GREEK","BRIDGELOAN","ERST","RUNE","LEK","YEAR","ABS","FOAMS","NBA","SLEW","PUP","AARP","SETH","BRUSHPILES","IMOUT","ERR","DAYSINN","CRACKUP","YOUKNOWTHEDRILL","ANKA","BARE","AETNA","NESS","OYEZ","SWEAT"],"down":["SOFA","WHIG","AGRI","RESLIDE","METING","ARMY","TOP","AURORA","DEEPEN","PASSKEY","ARID","SLOE","TONI","ITSELF","SUE","GOKAPUT","BRASS","RUBLE","INSET","LEO","RENAL","SABRE","TRAPS","MUS","SPHERE","WHISKAS","AIRCREW","BONOBO","RUNWAY","PRADAS","MIN","DYAN","AONE","YUKS","CHEZ","KITE","ULNA","PLAT","TRE"]},"author":"Samuel A. Donaldson","autowrap":null,"bbars":null,"circles":null,"clues":{"across":["1. Bee ball?","6. Somewhat","10. Historian's focus","14. Sarcastic \"Amazing!\"","15. Hedonistic sort","16. Janis's spouse in the comics","17. The new dentist wanted to make a good ...","20. Gymnast's asset","21. Secret group in \"The Da Vinci Code\"","22. Important contacts","23. Kind of cross or yogurt","24. The dentist helped the patient afford the visit with a ...","28. Previously, previously","32. Mystical character","33. Albanian currency","34. Info on a wine label","35. Target of crunches","36. Heads for the bar?","39. Org. that prohibits traveling","40. Dispatched, as a dragon","42. Young sea lion","43. Big D.C. lobby","44. Rogen of \"Sausage Party\"","45. The dentist sorted all the bristled instruments into ...","48. \"Too rich for my blood\"","50. Flub","51. Super 8 alternative","54. Burst out laughing","58. When it was time for the filling, the dentist asked for, well, ...","60. \"Diana\" singer Paul","61. Like Mother Hubbard's cupboard","62. Insurance giant","63. Capone's nemesis","64. Call in court","65. A workout works one up"],"down":["1. Loose change \"collector\"","2. Fillmore's party","3. Prefix with cultural","4. Decline again","5. Parceling (out)","6. ___ ant","7. Word after carrot or muffin","8. Night light up north","9. Intensify","10. It'll open many doors","11. Like much of Arizona","12. Plum used to flavor gin","13. Singer Tennille","18. By ___ (alone)","19. Good name for a plaintiff?","23. Die","24. Pentagon V.I.P.s","25. Belarussian money","26. Atlas extra","27. Barack Obama, astrologically","29. Kidney-related","30. Buffalo pro","31. Bunkers","37. M M M","38. Shape of the world","41. Friskies rival","43. All plane attendants in attendance","45. Congo ape","46. Where fashions debut","47. Some luxury bags","49. Short amount of time?","51. Cannon on screen","52. Best of the best","53. Big laughs","54. Word in some French restaurant names","55. Franklin's flier","56. What's got the upper hand?","57. Surveyor's map","59. Numero after due"]},"code":null,"copyright":"2017, The New York Times","date":"1\/4\/2017","dow":"Wednesday","downmap":null,"editor":"Will Shortz","grid":["S","W","A","R","M",".","A","T","A","D",".","P","A","S","T","O","H","G","E","E",".","R","O","U","E",".","A","R","L","O","F","I","R","S","T","I","M","P","R","E","S","S","I","O","N","A","G","I","L","I","T","Y",".","O","P","U","S","D","E","I",".",".",".","I","N","S",".","G","R","E","E","K",".",".",".","B","R","I","D","G","E","L","O","A","N",".","E","R","S","T","R","U","N","E",".","L","E","K",".",".",".","Y","E","A","R","A","B","S",".",".","F","O","A","M","S",".",".","N","B","A","S","L","E","W",".",".",".","P","U","P",".","A","A","R","P","S","E","T","H",".","B","R","U","S","H","P","I","L","E","S",".",".",".","I","M","O","U","T",".","E","R","R",".",".",".","D","A","Y","S","I","N","N",".","C","R","A","C","K","U","P","Y","O","U","K","N","O","W","T","H","E","D","R","I","L","L","A","N","K","A",".","B","A","R","E",".","A","E","T","N","A","N","E","S","S",".","O","Y","E","Z",".","S","W","E","A","T"],"gridnums":[1,2,3,4,5,0,6,7,8,9,0,10,11,12,13,14,0,0,0,0,0,15,0,0,0,0,16,0,0,0,17,0,0,0,0,18,0,0,0,0,19,0,0,0,0,20,0,0,0,0,0,0,0,21,0,0,0,0,0,0,0,0,0,22,0,0,0,23,0,0,0,0,0,0,0,24,25,26,0,0,0,27,0,0,0,0,28,29,30,31,32,0,0,0,0,33,0,0,0,0,0,34,0,0,0,35,0,0,0,0,36,0,0,37,38,0,0,39,0,0,40,0,0,41,0,0,0,42,0,0,0,43,0,0,0,44,0,0,0,0,45,46,0,0,0,47,0,0,0,0,0,0,0,48,49,0,0,0,0,50,0,0,0,0,0,51,52,53,0,0,0,0,0,54,0,0,0,55,56,57,58,0,0,0,0,0,0,59,0,0,0,0,0,0,0,60,0,0,0,0,61,0,0,0,0,62,0,0,0,0,63,0,0,0,0,64,0,0,0,0,65,0,0,0,0],"hastitle":false,"hold":null,"id":null,"id2":null,"interpretcolors":null,"jnotes":null,"key":null,"mini":null,"notepad":null,"publisher":"The New York Times","rbars":null,"shadecircles":null,"size":{"cols":15,"rows":15},"title":"NY TIMES, WED, JAN 04, 2017","track":null,"type":null,"uniclue":false}