{"acrossmap":null,"admin":false,"answers":{"across":["ACTII","BOAR","IDLE","FAINT","ALDA","CRUX","FRETS","HELPMEOBI","ERIE","AIDA","PET","CINNAMONBUNS","TESTLAB","ONARUN","PIETA","SOME","YOUREMYONLYHOPE","AURA","SODOI","WINSAT","RIPOFFS","PRINCESSLEIA","OHO","SLAY","ETSY","WANKENOBI","MOTHY","LUTE","OMEN","ALLEE","SLOG","WIRE","PEERS"],"down":["AFFECT","CARRIE","TIEINS","INTENT","ITS","BAH","OLEAN","ADLIB","RAPDUO","ICE","DROP","LUBE","EXIT","MANN","ALPE","MAIM","OBEYS","SASH","ROO","UMP","NEE","TOO","ANDRE","YAW","OUI","URN","RASP","LOIS","YIPS","ARSE","TILNOW","OLEOLE","FETTLE","FISHER","SAYYES","NAOMI","CYBER","OWLS","HAUL","ONTO","KEG","INE","MAP"]},"author":"Timothy Polin","autowrap":null,"bbars":null,"circles":[0,0,0,0,0,0,0,0,0,0,0,0,0,0,0,0,0,0,0,0,0,0,0,0,0,0,0,0,0,0,0,0,0,0,0,0,0,0,0,0,0,0,0,0,0,0,0,0,0,0,0,0,0,0,0,0,0,0,0,0,0,0,0,0,0,0,0,0,0,0,0,0,0,0,0,0,0,1,1,0,0,0,0,0,0,0,1,1,0,0,0,0,0,0,0,0,0,0,0,0,0,0,0,0,0,0,0,0,0,0,0,0,0,0,0,0,0,0,0,0,0,0,0,0,0,0,0,0,0,0,0,0,0,0,0,1,0,0,0,1,0,0,0,1,0,0,0,0,0,1,0,0,0,0,0,0,0,0,0,0,0,0,0,0,0,0,0,0,0,0,0,0,0,0,0,0,0,0,0,0,0,0,0,0,0,0,0,0,0,0,0,0,0,0,0,0,0,0,0,0,0,0,0,0,0,0,0,0,0,0,0,0,0,0,0,0,0,0,0,0,0,0,0,0,0],"clues":{"across":["1. When Polonius says \"Brevity is the soul of wit\"","6. Tusked beast","10. Kind of threat","14. Swoon","15. Alan who played Captain Pierce","16. Essential point","17. Agonizes (over)","18. With 61- and 37-Across, famous line by 53-Across in [see circled letters]","20. The \"E\" in HOMES","21. Nubian heroine of opera","22. Family member who was probably adopted","23. Hairstyle for 53-Across, colloquially","28. Place where trials are conducted","29. Hitting blackjack after blackjack, say","33. Michelangelo masterpiece","36. A few","37. See 18-Across","43. Ambience","44. \"Same here!\"","45. Is victorious in","48. Swindles","53. Iconic role for 2-\/51-Down","56. \"What have we here?!\"","59. Knock 'em dead","60. Online crafts seller","61. See 18-Across","64. Like old, neglected sweaters, maybe","65. Renaissance Faire instrument","66. Sign of things to come","67. Tree-lined walkway, in France","68. Make slo-o-o-ow progress","69. Concealed mike","70. Entitled sorts?"],"down":["1. Influence","2. With 51-Down, late, beloved actress","3. Certain marketing gimmicks","4. Hell-bent (on)","5. \"___ a trap!\"","6. \"Harrumph!\"","7. Brand of artificial fat","8. Deal with a broken teleprompter, say","9. Rae Sremmurd, e.g.","10. Makeup of the planet Hoth","11. Nosedive","12. Squeak stopper","13. Turnoff for drivers","19. \"Doctor Faustus\" novelist Thomas","24. Mont Blanc, e.g., to locals","25. Cripple","26. Heeds","27. Merit badge displayer","30. Figure on an Aussie Xing sign, perhaps","31. World Series official","32. Formerly named","34. \"___ late!\"","35. Tennis champ Agassi","37. Deviate during flight, as a rocket","38. Non's opposite","39. Coffee container","40. Speak with a gravelly voice","41. Amy Adams's \"Man of Steel\" role","42. Puppy sounds","46. British derriÃ¨re","47. So far, informally","49. Chant after a fÃºtbol goal","50. In fine ___ (healthy)","51. See 2-Down","52. Agree to a proposal","54. Country singer Judd","55. Modern lead-in to space or security","56. Real head-turners?","57. Drag","58. Not deceived by","62. Beer barrel","63. Having four sharps","64. Reference in \"Treasure Island\""]},"code":null,"copyright":"2017, The New York Times","date":"1\/17\/2017","dow":"Tuesday","downmap":null,"editor":"Will Shortz","grid":["A","C","T","I","I",".","B","O","A","R",".","I","D","L","E","F","A","I","N","T",".","A","L","D","A",".","C","R","U","X","F","R","E","T","S",".","H","E","L","P","M","E","O","B","I","E","R","I","E",".",".",".","A","I","D","A",".","P","E","T","C","I","N","N","A","M","O","N","B","U","N","S",".",".",".","T","E","S","T","L","A","B",".",".","O","N","A","R","U","N",".",".",".",".","P","I","E","T","A",".",".","S","O","M","E","Y","O","U","R","E","M","Y","O","N","L","Y","H","O","P","E","A","U","R","A",".",".","S","O","D","O","I",".",".",".",".","W","I","N","S","A","T",".",".","R","I","P","O","F","F","S",".",".",".","P","R","I","N","C","E","S","S","L","E","I","A","O","H","O",".","S","L","A","Y",".",".",".","E","T","S","Y","W","A","N","K","E","N","O","B","I",".","M","O","T","H","Y","L","U","T","E",".","O","M","E","N",".","A","L","L","E","E","S","L","O","G",".","W","I","R","E",".","P","E","E","R","S"],"gridnums":[1,2,3,4,5,0,6,7,8,9,0,10,11,12,13,14,0,0,0,0,0,15,0,0,0,0,16,0,0,0,17,0,0,0,0,0,18,0,0,0,19,0,0,0,0,20,0,0,0,0,0,0,21,0,0,0,0,22,0,0,23,0,0,0,24,25,26,0,0,0,0,27,0,0,0,28,0,0,0,0,0,0,0,0,29,0,0,30,31,32,0,0,0,0,33,0,0,34,35,0,0,36,0,0,0,37,38,39,40,0,0,0,0,0,41,42,0,0,0,0,43,0,0,0,0,0,44,0,0,0,0,0,0,0,0,45,0,0,0,46,47,0,0,48,0,0,49,50,51,52,0,0,0,53,0,0,54,55,0,0,0,0,0,0,0,56,57,58,0,59,0,0,0,0,0,0,60,0,0,0,61,0,0,62,0,0,0,0,63,0,64,0,0,0,0,65,0,0,0,0,66,0,0,0,0,67,0,0,0,0,68,0,0,0,0,69,0,0,0,0,70,0,0,0,0],"hastitle":false,"hold":null,"id":null,"id2":null,"interpretcolors":null,"jnotes":null,"key":null,"mini":null,"notepad":null,"publisher":"The New York Times","rbars":null,"shadecircles":null,"size":{"cols":15,"rows":15},"title":"NY TIMES, TUE, JAN 17, 2017","track":null,"type":null,"uniclue":false}