{"acrossmap":null,"admin":false,"answers":{"across":["EDAM","JAB","FSTOPS","NILE","EMU","ONHIRE","DAGNABIT","LAYLOW","SLATE","STRIP","HSN","HORSEHOCKEY","CORONA","OSHEA","HAUL","SCAM","ANTIC","ATM","SHAZBOT","ECO","PHONY","NOIR","GREG","RICCI","ABASES","OHBARNACLES","SKA","MOGUL","NBCTV","PASSON","JEEZALOO","APIARY","URL","GIRL","MITTEN","SKI","SPIT"],"down":["ENDS","DIAL","ALGA","MENTHOL","JEB","AMISS","BUTTE","FOLIOS","SNAPCHAT","THY","OILHEATERS","PROSY","SEWN","AEON","RHOMBI","RASH","KEN","CHAP","OATH","RUMORHASIT","CANING","AZO","ICEE","COGS","SYCAMORE","ORAL","NIB","GASBAGS","CRONYN","BENZ","OKAPI","AUJUS","CLERK","SPAM","CLIP","TORI","VOLT","SAT","ELI"]},"author":"Tracy Gray","autowrap":null,"bbars":null,"circles":null,"clues":{"across":["1. Sweet-curd cheese","5. Start of a one-two punch","8. S.L.R. settings","14. River that turned to blood in Exodus","15. Bird with a potent kick","16. Available for rental, in Britain","17. \"@#$!\" from Deputy Dawg","19. Hid from the cops, say","20. Blue-gray shade","21. \"Blondie\" or \"Dilbert\"","23. QVC competitor","24. \"@#$!\" from Colonel Sherman Potter","27. Cinco de Mayo beer","30. Milo of \"The Verdict\"","31. Burglar's take","32. Robocall from the I.R.S., e.g.","35. Like Marx Brothers comedies","38. Place for quick cash, for short","39. \"@#$!\" from Mork","41. Prefix with freak or friendly","42. Bogus","44. Dark film genre, informally","45. Golfer Norman a.k.a. the Great White Shark","46. Christina who played Lizzie Borden","48. Takes down a notch","50. \"@#$!\" from SpongeBob SquarePants","53. Reggae forerunner","54. Business bigwig","55. \"The Voice\" airer","59. Hand down, as a family business","61. \"@#$!\" from Frank on \"Everybody Loves Raymond\"","63. Abode that's abuzz","64. WWW bookmark","65. Former Little League star Mo'ne Davis, e.g.","66. Snowsuit attachment","67. Schuss, say","68. Polish's partner"],"down":["1. Breaks off","2. Competitor of Ivory and Coast","3. Bit of birdbath gunk","4. Flavoring in Kool cigarettes","5. One of the Bushes","6. Out of whack","7. Montana city that consolidated with Silver Bow County","8. Books with large pages","9. Most-downloaded app of 2016","10. Possessive pronoun in the Lord's Prayer","11. Some portable room warmers","12. Like dull-as-dishwater writing","13. Stitched together","18. MTV's \"___ Flux\"","22. Diamonds, in plane geometry","25. Devil-may-care","26. Baseball's Griffey","27. \"Cheerio\" sayer","28. Words from the witness stand","29. \"According to the grapevine ...\"","33. Making, as a wicker chair","34. Kind of dye with vivid colors","36. Frozen drink brand","37. Gear parts","39. Tree that sheds its bark","40. ___ fixation (Freud topic)","43. Pen tip","45. Long-winded sorts","47. Hume of \"Cocoon\"","49. Auto pioneer Karl","50. Giraffe's cousin","51. How prime rib may be served","52. Uriah Heep's profession","53. Much-maligned food","56. Hair holder","57. Spelling or Amos","58. Chevy plug-in car","60. Took a load off","62. Manning of the gridiron"]},"code":null,"copyright":"2017, The New York Times","date":"1\/25\/2017","dow":"Wednesday","downmap":null,"editor":"Will Shortz","grid":["E","D","A","M",".","J","A","B",".","F","S","T","O","P","S","N","I","L","E",".","E","M","U",".","O","N","H","I","R","E","D","A","G","N","A","B","I","T",".","L","A","Y","L","O","W","S","L","A","T","E",".","S","T","R","I","P",".","H","S","N",".",".",".","H","O","R","S","E","H","O","C","K","E","Y",".","C","O","R","O","N","A",".",".","O","S","H","E","A",".",".","H","A","U","L",".","S","C","A","M",".","A","N","T","I","C","A","T","M",".","S","H","A","Z","B","O","T",".","E","C","O","P","H","O","N","Y",".","N","O","I","R",".","G","R","E","G",".",".","R","I","C","C","I",".",".","A","B","A","S","E","S",".","O","H","B","A","R","N","A","C","L","E","S",".",".",".","S","K","A",".","M","O","G","U","L",".","N","B","C","T","V","P","A","S","S","O","N",".","J","E","E","Z","A","L","O","O","A","P","I","A","R","Y",".","U","R","L",".","G","I","R","L","M","I","T","T","E","N",".","S","K","I",".","S","P","I","T"],"gridnums":[1,2,3,4,0,5,6,7,0,8,9,10,11,12,13,14,0,0,0,0,15,0,0,0,16,0,0,0,0,0,17,0,0,0,18,0,0,0,0,19,0,0,0,0,0,20,0,0,0,0,0,21,0,22,0,0,0,23,0,0,0,0,0,24,0,25,0,0,0,0,0,26,0,0,0,27,28,29,0,0,0,0,0,30,0,0,0,0,0,0,31,0,0,0,0,32,33,34,0,0,35,0,0,36,37,38,0,0,0,39,0,0,0,0,40,0,0,41,0,0,42,0,0,43,0,0,44,0,0,0,0,45,0,0,0,0,0,46,0,0,47,0,0,0,48,49,0,0,0,0,0,50,0,0,0,0,0,51,52,0,0,0,0,0,0,53,0,0,0,54,0,0,0,0,0,55,0,56,57,58,59,0,0,60,0,0,0,61,0,62,0,0,0,0,0,63,0,0,0,0,0,0,64,0,0,0,65,0,0,0,66,0,0,0,0,0,0,67,0,0,0,68,0,0,0],"hastitle":false,"hold":null,"id":null,"id2":null,"interpretcolors":null,"jnotes":null,"key":null,"mini":null,"notepad":null,"publisher":"The New York Times","rbars":null,"shadecircles":null,"size":{"cols":15,"rows":15},"title":"NY TIMES, WED, JAN 25, 2017","track":null,"type":null,"uniclue":false}