{"acrossmap":null,"admin":false,"answers":{"across":["MAGIC","ARAL","ACER","ABASH","RODE","SOLE","PULSE","CARGOSHIP","LENS","SOUPNAZI","QUALITYTIME","BAN","UPN","LOA","TENT","AFT","LOLZ","ASIA","FORKEDLIGHTNING","FRYE","PEAR","RCA","YOKE","RYE","BOZ","BOW","TEXTMESSAGE","SWEETTEA","SPUR","INABOTTLE","ASTIN","DEVO","LEOX","SHOVE","EDEN","ERNO","SINEW"],"down":["MAP","ABU","GALLANTRY","ISSEL","CHENILLE","ARC","ROAST","ADROIT","LEGUME","ASSN","COHAB","ELIZA","REPIN","OPEN","STOOD","QUAFF","UPFOR","YALL","TAN","ZIP","SIRBARTON","INCOG","AGAZE","KEY","GERM","HAYES","TRESPASS","OTTO","KETTLE","EXETER","BSIDE","OWNED","WEAVE","TALON","SUSHI","EBON","EXO","IVE","NEW"]},"author":"Neil Padrick Wilson","autowrap":null,"bbars":null,"circles":null,"clues":{"across":["1. Pulling a rabbit out of a hat, e.g.","6. Kazakhstan's ___ Sea","10. Computer company with the slogan \"Explore beyond limits\"","14. Embarrass","15. Was a passenger","16. It's always getting stepped on","17. Sign of life","18. *Vessel with a large hold","20. Camera part","22. \"Seinfeld\" stock character?","23. *What a family spends together at the dinner table","26. Competitor of Secret","27. Predecessor of the CW","28. Mauna ___","29. Scout's shelter","31. Back on a boat","32. Hilarity, in Internet-speak","34. One side of the Pacific","38. *Branches in a storm?","43. 6'11\" Channing of the N.B.A.","44. Partridge's tree, in a Christmas song","45. Color TV pioneer","46. Put together, as a team","50. Ham on ___","51. Singer Scaggs with the 1976 hit \"Lowdown\"","52. Front of a boat","55. *Its arrival may be signaled by a ding","58. So-called \"house wine of the South\"","60. What you might use when you say \"Giddyup!\"","61. Words that can follow the ends of the answers to the starred clues","63. Sean who played Mikey in \"The Goonies\"","66. Band with the hit \"Whip It\"","67. Pope who excommunicated Martin Luther","68. Elbow, maybe","69. Garden of ___","70. Puzzlemaker Rubik","71. Strength"],"down":["1. Help at the entrance to a mall","2. Aladdin's monkey","3. Courage in battle","4. Basketball Hall-of-Famer Dan","5. Plush fabric","6. Eyebrow's shape, roughly","7. Criticize severely","8. Skillful","9. Peanut, for one","10. One of the A's in N.A.A.C.P.: Abbr.","11. Roomie","12. Woman who sings \"Burn\" in \"Hamilton\"","13. Affix again, as a badge","19. Word before air, fire or water","21. Tolerated","23. Hearty drink","24. Willing to do","25. Everyone, in Dixie","30. Give a lickin'","33. \"___ your lip!\"","35. First winner of horse racing's Triple Crown, 1919","36. Disguised, briefly","37. Staring","39. Item that might be fervently wanted by a prisoner","40. Start of an idea","41. President after Grant","42. Encroach on someone's land","47. \"The Simpsons\" bus driver","48. \"That's a fine ___ of fish!\"","49. Devon cathedral city","52. Rod Stewart's \"Maggie May,\" e.g.","53. Had title to","54. Work on a loom","56. Hawk's hook","57. Maki, temaki or uramaki","59. Black, in poetry","62. Prefix with planet","64. \"Now ___ seen it all!\"","65. Just-minted"]},"code":null,"copyright":"2017, The New York Times","date":"1\/31\/2017","dow":"Tuesday","downmap":null,"editor":"Will Shortz","grid":["M","A","G","I","C",".","A","R","A","L",".","A","C","E","R","A","B","A","S","H",".","R","O","D","E",".","S","O","L","E","P","U","L","S","E",".","C","A","R","G","O","S","H","I","P",".",".","L","E","N","S",".","S","O","U","P","N","A","Z","I","Q","U","A","L","I","T","Y","T","I","M","E",".","B","A","N","U","P","N",".","L","O","A",".","T","E","N","T",".",".",".","A","F","T",".","L","O","L","Z",".",".",".","A","S","I","A","F","O","R","K","E","D","L","I","G","H","T","N","I","N","G","F","R","Y","E",".",".",".","P","E","A","R",".","R","C","A",".",".",".","Y","O","K","E",".","R","Y","E",".","B","O","Z","B","O","W",".","T","E","X","T","M","E","S","S","A","G","E","S","W","E","E","T","T","E","A",".","S","P","U","R",".",".","I","N","A","B","O","T","T","L","E",".","A","S","T","I","N","D","E","V","O",".","L","E","O","X",".","S","H","O","V","E","E","D","E","N",".","E","R","N","O",".","S","I","N","E","W"],"gridnums":[1,2,3,4,5,0,6,7,8,9,0,10,11,12,13,14,0,0,0,0,0,15,0,0,0,0,16,0,0,0,17,0,0,0,0,0,18,0,0,0,19,0,0,0,0,0,0,20,0,0,21,0,22,0,0,0,0,0,0,0,23,24,0,0,0,0,25,0,0,0,0,0,26,0,0,27,0,0,0,28,0,0,0,29,0,0,30,0,0,0,31,0,0,0,32,0,0,33,0,0,0,34,35,36,37,38,0,0,39,0,0,0,0,40,41,42,0,0,0,0,43,0,0,0,0,0,0,44,0,0,0,0,45,0,0,0,0,0,46,47,48,49,0,50,0,0,0,51,0,0,52,53,54,0,55,0,0,56,0,0,0,57,0,0,0,58,0,0,59,0,0,0,0,0,60,0,0,0,0,0,61,0,0,0,0,0,0,0,62,0,63,0,0,64,65,66,0,0,0,0,67,0,0,0,0,68,0,0,0,0,69,0,0,0,0,70,0,0,0,0,71,0,0,0,0],"hastitle":false,"hold":null,"id":null,"id2":null,"interpretcolors":null,"jnotes":null,"key":null,"mini":null,"notepad":null,"publisher":"The New York Times","rbars":null,"shadecircles":null,"size":{"cols":15,"rows":15},"title":"NY TIMES, TUE, JAN 31, 2017","track":null,"type":null,"uniclue":false}