{"acrossmap":null,"admin":false,"answers":{"across":["BLOCKED","NAH","OHM","ROMANCE","ATA","NOR","ANNIEOAKLEY","COB","SEINE","RIDOF","EPI","ELS","NINEBALL","UNC","SIP","VIRAL","GROW","FRAT","EGO","HAMILTONBERMUDA","PEA","STAT","ENID","GRASP","RAH","DEO","RENTROLL","LEI","IVY","OBOES","IDAHO","TEM","BESTMUSICAL","TRA","EYE","ESTONIA","YEN","SSR","WESTERN"],"down":["BRAS","LONE","OMNI","CAINE","KNEELS","ECO","DEAR","NALDI","ATEON","HAYFEVER","ONCEAROUND","HOOPLA","MRBILL","KIN","SIFT","BIGME","UGH","NRA","COMPANYMAN","PROS","WIEST","ANT","TBAR","LAPROBES","ETAL","DIE","ADO","GRITTY","REVERE","HEISTS","OBEYS","LOSER","LET","IDIOT","SMEW","ACNE","HAIR","OLAN","USE"]},"author":"David J. Kahn","autowrap":null,"bbars":null,"circles":null,"clues":{"across":["1. Like some basketball shots and unwanted calls","8. Slangy turndown","11. Law man","14. Woo","15. ___ crossroads","16. \"... fish ___ fowl\"","17. Markswoman dubbed \"Little Sure Shot\" [1977]","19. Male swan","20. Site of two French banks","21. Free from","22. Prefix with center","23. High lines","25. Variety of pool [1982]","27. 2017 N.C.A.A. basketball champs","30. Opposite of a gulp","32. Rapidly spreading over the internet","33. Mushroom or balloon","35. Group that takes pledges, informally","38. Massage target?","39. Capital city with only about 1,000 residents [2016]","44. Stew morsel","45. \"Right away!\"","46. Geraint's wife, in Arthurian legend","47. Understand","49. Rallying cry?","51. \"Gloria in Excelsis ___\" (hymn)","52. Landlord's register [1996]","56. Ring on a string","58. Columbia, for one","59. Winds down in a pit?","61. Boise's home","65. President pro ___","66. Award won by the starts of 17-, 25-, 39- and 52-Across and 11- and 29-Down","68. ___-la-la","69. Get a good look at","70. Country north of Latvia","71. Hankering","72. 70-Across, e.g., formerly: Abbr.","73. TV's \"Maverick\" or \"Gunsmoke\""],"down":["1. They may be strapless or padded","2. Solo","3. Luxury hotel chain","4. Oscar winner for \"Hannah and Her Sisters\"","5. Prepares to be knighted","6. Prefix with tourism","7. Sweetie","8. Nita of silent films","9. Used as the surface for a meal","10. Antihistamine target","11. 400 meters, for an Olympic track [2012]","12. Commotion","13. Clay character in old \"S.N.L.\" sketches","18. They're related","24. Search (through)","26. 1996 Foo Fighters hit","27. \"That's awful!\"","28. Hunters' org.","29. Superloyal employee [1971]","31. Crackerjacks","34. Oscar winner for \"Hannah and Her Sisters\"","36. Caste member","37. Means of avoiding an uphill climb","40. Blankets for open-air travelers","41. Series ender: Abbr.","42. Run out of power","43. Commotion","47. Courageously persistent","48. Noted colonial silversmith","50. Bank jobs","53. Follows orders","54. Deadbeat, e.g.","55. Tennis call","57. Buffoon","60. Eurasian duck","62. Teen woe","63. Wig, e.g.","64. Pearl Buck heroine","67. Helpfulness"]},"code":null,"copyright":"2017, The New York Times","date":"5\/2\/2017","dow":"Tuesday","downmap":null,"editor":"Will Shortz","grid":["B","L","O","C","K","E","D",".","N","A","H",".","O","H","M","R","O","M","A","N","C","E",".","A","T","A",".","N","O","R","A","N","N","I","E","O","A","K","L","E","Y",".","C","O","B","S","E","I","N","E",".","R","I","D","O","F",".","E","P","I",".",".",".","E","L","S",".","N","I","N","E","B","A","L","L","U","N","C",".","S","I","P",".",".",".","V","I","R","A","L","G","R","O","W",".","F","R","A","T",".","E","G","O",".",".","H","A","M","I","L","T","O","N","B","E","R","M","U","D","A",".",".","P","E","A",".","S","T","A","T",".","E","N","I","D","G","R","A","S","P",".",".",".","R","A","H",".","D","E","O","R","E","N","T","R","O","L","L",".","L","E","I",".",".",".","I","V","Y",".","O","B","O","E","S",".","I","D","A","H","O","T","E","M",".","B","E","S","T","M","U","S","I","C","A","L","T","R","A",".","E","Y","E",".","E","S","T","O","N","I","A","Y","E","N",".","S","S","R",".","W","E","S","T","E","R","N"],"gridnums":[1,2,3,4,5,6,7,0,8,9,10,0,11,12,13,14,0,0,0,0,0,0,0,15,0,0,0,16,0,0,17,0,0,0,0,0,0,18,0,0,0,0,19,0,0,20,0,0,0,0,0,21,0,0,0,0,0,22,0,0,0,0,0,23,0,24,0,25,0,0,0,26,0,0,0,27,28,29,0,30,0,31,0,0,0,32,0,0,0,0,33,0,0,34,0,35,0,36,37,0,38,0,0,0,0,39,0,0,0,40,0,0,0,0,41,0,0,0,42,43,0,0,44,0,0,0,45,0,0,0,0,46,0,0,0,47,48,0,0,0,0,0,0,49,0,50,0,51,0,0,52,0,0,0,0,53,54,55,0,56,0,57,0,0,0,58,0,0,0,59,0,0,0,60,0,61,0,62,63,64,65,0,0,0,66,0,0,0,0,67,0,0,0,0,0,68,0,0,0,69,0,0,0,70,0,0,0,0,0,0,71,0,0,0,72,0,0,0,73,0,0,0,0,0,0],"hastitle":false,"hold":null,"id":null,"id2":null,"interpretcolors":null,"jnotes":null,"key":null,"mini":null,"notepad":null,"publisher":"The New York Times","rbars":null,"shadecircles":null,"size":{"cols":15,"rows":15},"title":"NY TIMES, TUE, MAY 02, 2017","track":null,"type":null,"uniclue":false}