{"acrossmap":null,"admin":false,"answers":{"across":["DECO","DUMB","JAPES","IMPS","ODOR","ABIE","GOCART","BORN","DAUGHTERLAUGHTER","IDOL","OMG","OAR","GUISE","CEASES","HOPE","SILL","TEN","LUX","BUDDINGPUDDING","PAPYRI","ARRESTHIM","MAUL","LOOFA","LBOS","REN","GASMAIN","EDEN","SAP","BYE","KOSHERNOSHER","ANSEL","OTTO","DUVALL","MOOC","PORCH","SAGE","HENNAS","PIKE","GRADS","GARDENWARDEN","HEY","COW","PUTS","GOATEED","ITS","OTRO","TACOS","ERRS","ACTCASUAL","SCHNOZ","MASSAGEPASSAGE","DAW","FOR","PLED","POOL","MADAME","LALAW","WIN","SOB","VOTE","BASELINEVASELINE","ALCS","IDIDIT","LIFT","AZUL","NEHI","ESSEX","LETS","BEST"],"down":["DODO","EDAM","COUGHDROPS","ORG","DATAENTRY","UBER","MIR","BELGIUM","JOGS","ACHE","PAT","ERECT","STREEP","IBIS","MODELYODEL","PROSURFER","SNL","GUILD","HOPIS","AULD","ANAL","ODES","SPIN","XIAN","BALSA","URBAN","GHEE","IMSHOCKED","NAME","GUARD","POEHLER","LINUS","GOTOPRESS","ASTRIDE","NOVA","BLOND","KOP","SAGGY","EMERSON","ONEG","CANOE","HEN","HATCHWATCH","SWARM","ACTUALSIZE","DORAG","SWOLE","GUACAMOLE","ATRA","HTTP","ESCAPISTS","PTSD","ICED","OSSO","SOFA","AGEWELL","ASONE","ZOMBIE","SPLIT","ALAN","READS","DESI","LEDE","ALIX","WAFT","ONUS","BELT","VAN","SIS","VIE","LAB"]},"author":"Natan Last, Finn Vigeland and the J.A.S.A. Crossword Class","autowrap":null,"bbars":null,"circles":null,"clues":{"across":["1. Like the 30 Rock building","5. Word said three times while smacking the forehead","9. Jests","14. Tyrion Lannister of \"Game of Thrones\" and others","18. It may be whiffed","19. Rose's love on old Broadway","20. Little racer","21. Lady Gaga's \"___ This Way\"","22. \"I know my girl enjoys her youth \/ When this fine sound escapes her mouth\"","25. Golden calf, e.g.","26. Texter's \"Wow!\"","27. Galley propeller","28. Pretext","29. Ends","31. 2008 Obama catchword","33. Place for a pie to cool","34. Half of a score","35. \"___ et veritas\"","37. \"Right now, it's fine, no five-star food, \/ But this dessert will soon be good!\"","43. Some ancient writings","45. Cry to a cop","46. Injure badly","48. Spa accessory","49. Some Wall St. deals","50. Kylo ___ (\"Star Wars\" villain)","51. Part of an underground network","54. Shangri-la","55. Chump","56. Off-week, in football","57. \"This mensch looks up and shouts 'Delish!' \/ While downing snacks with real relish\"","59. Actor Elgort of \"The Fault in Our Stars\"","61. Due + sei","62. Robert of \"Tender Mercies\"","63. Acronym for a class taught over the Internet","66. Veranda","68. Wise","69. Skin dyes","71. Gefilte fish fish","72. Tassel movers","76. \"Your will to serve must be mature \/ To be this keeper of nature\"","78. \"Stop right there!\"","80. Intimidate","81. Places","82. Like Uncle Sam","83. \"___ all good\"","84. \"Al ___ Lado del RÃ­o\" (2004 Oscar-winning song)","85. Food items often served with 76-Down","87. Goofs","88. \"Just be cool\"","90. Hooter or honker","92. \"Go down this hallway: There's a couch \/ If what you seek's relaxing touch\"","95. \"See-saw, Margery ___\" (old nursery rhyme)","96. Backing","98. Begged","99. Reporters' group","100. French title","102. Bygone NBC drama","104. Carry the day","105. Go \"boohoo\"","108. Primary imperative?","109. \"This may have been the umpire's doing; \/ Now sliding home is easy going\"","113. Oct. pennant race","114. Cry of jubilation ... or guilt","115. Hoist","116. Color of el mar","117. Old pop","118. New York county with Lake Placid","119. \"Why don't we?!\"","120. Award category word"],"down":["1. Blockhead","2. Cheese sometimes paired with pinot noir","3. Suckers' succors?","4. URL suffix","5. Job with spreadsheets","6. Ride offerer","7. Russian peace","8. Home to King Philippe","9. Nudges, in a way","10. Post-marathon feeling","11. Word before or after \"down\"","12. Upright","13. \"The Iron Lady\" star","14. Animal avatar of Thoth","15. \"Kate Upton strikes an alpine pose \/ And belts this out, with naught to lose\"","16. One working on the board?","17. \"Celebrity Jeopardy!\" show, briefly","20. Artisans' group","23. Kachina doll makers","24. \"___ Lang Syne\"","30. Overly fussy","32. ___ of Solomon","33. P.R. task","36. Chinese city known for its terra-cotta warriors","37. Light wood","38. ___ studies (college major)","39. Butter in South Asian cuisines","40. [!!!!]","41. Identify","42. Three-pointer shooter, usually","44. Funny Amy","47. \"Peanuts\" boy","51. Start printing","52. On, as a horse","53. Astronomer's sighting","56. Like some light wood","57. Keystone officer","58. Drooping","60. Boston college","64. Force on Earth, informally","65. Vessel often stowed upside down","67. Blue symbol of Delaware","69. \"I have this duty on my farm \/ To look as chickens keep eggs warm\"","70. Throng","73. Not blown up","74. Rapper topper","75. Bulked up, in modern lingo","76. Party bowlful","77. Gillette ___ Plus","78. \":\/\/\" preceder","79. Fantasy fiction readers, e.g.","81. Condition once called \"shell shock,\" for short","83. Wasted","84. ___ buco","86. Ottoman's partner","88. Not go out of date, say","89. In unison","91. Dead man walking?","93. Divvy up","94. Country star Jackson","97. Goes over","101. Arnaz of 1950s TV","102. First sentence of a news story","103. \"The Adventures of ___\" (European comics series)","104. Float in the air","106. Weight","107. Wallop","108. Jones of CNN","110. Family girl","111. Go (for)","112. Test site"]},"code":null,"copyright":"2017, The New York Times","date":"5\/7\/2017","dow":"Sunday","downmap":null,"editor":"Will Shortz","grid":["D","E","C","O",".","D","U","M","B",".",".","J","A","P","E","S",".","I","M","P","S","O","D","O","R",".","A","B","I","E",".","G","O","C","A","R","T",".","B","O","R","N","D","A","U","G","H","T","E","R","L","A","U","G","H","T","E","R",".","I","D","O","L","O","M","G",".","O","A","R",".","G","U","I","S","E",".","C","E","A","S","E","S",".",".",".","H","O","P","E",".","S","I","L","L",".",".",".","T","E","N",".","L","U","X","B","U","D","D","I","N","G","P","U","D","D","I","N","G",".","P","A","P","Y","R","I","A","R","R","E","S","T","H","I","M",".",".","M","A","U","L",".","L","O","O","F","A","L","B","O","S",".","R","E","N",".","G","A","S","M","A","I","N",".","E","D","E","N","S","A","P",".","B","Y","E",".","K","O","S","H","E","R","N","O","S","H","E","R",".","A","N","S","E","L",".",".",".","O","T","T","O",".","D","U","V","A","L","L",".",".",".",".",".","M","O","O","C",".","P","O","R","C","H",".","S","A","G","E",".",".",".",".",".","H","E","N","N","A","S",".","P","I","K","E",".",".",".","G","R","A","D","S",".","G","A","R","D","E","N","W","A","R","D","E","N",".","H","E","Y",".","C","O","W","P","U","T","S",".","G","O","A","T","E","E","D",".","I","T","S",".","O","T","R","O","T","A","C","O","S",".","E","R","R","S",".",".","A","C","T","C","A","S","U","A","L","S","C","H","N","O","Z",".","M","A","S","S","A","G","E","P","A","S","S","A","G","E","D","A","W",".","F","O","R",".",".",".","P","L","E","D",".","P","O","O","L",".",".",".","M","A","D","A","M","E",".","L","A","L","A","W",".","W","I","N",".","S","O","B","V","O","T","E",".","B","A","S","E","L","I","N","E","V","A","S","E","L","I","N","E","A","L","C","S",".","I","D","I","D","I","T",".","L","I","F","T",".","A","Z","U","L","N","E","H","I",".","E","S","S","E","X",".",".","L","E","T","S",".","B","E","S","T"],"gridnums":[1,2,3,4,0,5,6,7,8,0,0,9,10,11,12,13,0,14,15,16,17,18,0,0,0,0,19,0,0,0,0,20,0,0,0,0,0,0,21,0,0,0,22,0,0,0,23,0,0,0,0,24,0,0,0,0,0,0,0,25,0,0,0,26,0,0,0,27,0,0,0,28,0,0,0,0,0,29,0,30,0,0,0,0,0,0,31,32,0,0,0,33,0,0,0,0,0,0,34,0,0,0,35,0,36,37,38,0,0,0,0,39,0,0,0,0,40,41,42,0,43,0,44,0,0,0,45,0,0,0,0,0,0,0,0,0,0,46,0,0,47,0,48,0,0,0,0,49,0,0,0,0,50,0,0,0,51,52,0,0,0,0,53,0,54,0,0,0,55,0,0,0,56,0,0,0,57,0,0,0,0,0,0,0,58,0,0,0,0,59,0,0,60,0,0,0,0,61,0,0,0,0,62,0,0,0,0,0,0,0,0,0,0,63,0,64,65,0,66,0,0,0,67,0,68,0,0,0,0,0,0,0,0,69,0,0,0,0,70,0,71,0,0,0,0,0,0,72,0,73,74,75,0,76,0,0,0,0,0,0,77,0,0,0,0,0,78,79,0,0,80,0,0,81,0,0,0,0,82,0,0,0,0,0,0,0,83,0,0,0,84,0,0,0,85,0,0,0,86,0,87,0,0,0,0,0,88,0,0,0,89,0,0,0,0,90,0,0,0,0,91,0,92,0,0,93,94,0,0,0,0,0,0,0,0,0,95,0,0,0,96,0,97,0,0,0,98,0,0,0,0,99,0,0,0,0,0,0,100,0,101,0,0,0,0,102,103,0,0,0,0,104,0,0,0,105,106,107,108,0,0,0,0,109,0,110,0,0,0,0,0,111,0,0,0,112,0,0,0,113,0,0,0,0,114,0,0,0,0,0,0,115,0,0,0,0,116,0,0,0,117,0,0,0,0,118,0,0,0,0,0,0,119,0,0,0,0,120,0,0,0],"hastitle":true,"hold":null,"id":null,"id2":null,"interpretcolors":null,"jnotes":null,"key":null,"mini":null,"notepad":null,"publisher":"The New York Times","rbars":null,"shadecircles":null,"size":{"cols":21,"rows":21},"title":"DUALITY QUALITY","track":null,"type":null,"uniclue":false}