{"acrossmap":null,"admin":false,"answers":{"across":["GPA","MAGOO","SCOWS","OLD","CLOTH","IONIA","BAD","ELLEFANNING","INLAW","RUN","CODE","GEEYATHINK","ENC","ENYA","HARSH","ANTS","PROM","INOIL","SEE","BEEBALM","UMA","KITTY","SILO","APEX","LEASE","INST","YAK","TEAKETTLES","NOTE","TLC","ANGLE","CUETHEMUSIC","BIC","ANTES","STARK","TOT","AGENT","TEXAS","QTS"],"down":["GOBIG","PLANE","ADDLE","MCEWAN","ALL","GOL","OTERI","OHFUN","SIN","CONCERN","ONIONSOUP","WINDCHIME","SAGE","ANKH","AYES","TYPE","HARES","AIM","ASK","NEILYOUNG","TETEATETE","OBI","MALIK","LAX","BYS","LONE","TAKETEN","ATTN","ETTE","STACKS","ELMST","ACUTE","LGBTQ","ELIOT","SECTS","NCAA","HST","SAX","IRA"]},"author":"Zhouqin Burnikel","autowrap":null,"bbars":null,"circles":null,"clues":{"across":["1. 4.0 is a great one","4. Nearsighted cartoon Mr.","9. Garbage-carrying boats","14. Superannuated","15. Denim or linen","16. Ancient land near Lydia","17. Not good","18. \"Super 8\" actress, 2011","20. Relative who might visit for the holidays","22. Hightail it","23. Secret language","24. \"Thanks, Captain Obvious!\"","27. Ltr. addition","28. One-named New Age singer","29. Rough, as criticism","31. Industrious little marchers","34. Spring school dance","37. How sardines are often packed","39. \"Get the picture?\"","40. Flower that attracts pollinating insects","42. Actress Thurman","43. Money in the middle of a poker table","45. Farm tower","46. High point","47. Auto deal for nonbuyers","49. Caltech, e.g.: Abbr.","51. Talk, talk and then talk some more","52. Whistlers in the kitchen","58. Brief letter","59. Dr. Mom's attention, for short","60. Each one in a square is 90Â°","61. Order to get a soundtrack ready","65. Popular pen","66. Money in the middle of a poker table","67. ___ raving mad","68. Toddler","69. Deal negotiator for athletes","70. State where the Cotton Bowl is held","71. There are four in a gallon: Abbr."],"down":["1. Not hold back","2. Air Force One, for one","3. Bewilder","4. Ian who wrote \"Atonement\"","5. Every last bit","6. FÃºtbol score","7. Onetime \"S.N.L.\" regular Cheri","8. \"That sounds good ... NOT!\"","9. Envy or lust","10. Worry","11. Dish in a bowl often served au gratin","12. Tinkler on a porch","13. Wise man","19. Egyptian cross","21. Thumbs-up votes","25. Variety","26. Relatives of rabbits","30. \"We ___ to please!\"","31. Word before \"and ye shall receive\"","32. Singer with the 1972 hit \"Heart of Gold\"","33. One-on-one talk","35. Sash for a kimono","36. Pop singer Zayn formerly of One Direction","38. Opposite of strict","40. Fly-___ (Blue Angels maneuvers)","41. Lacking company","44. Rest for a bit","46. Abbr. before a name on a memo","48. Suffix with cigar","50. Groups of poker chips, typically","53. Locale of a film \"nightmare\": Abbr.","54. Less than 90Â°","55. Modern movement initialism ... or a hint to the starts of 18-, 24-, 40-, 52- and 61-Across","56. \"The Waste Land\" poet","57. Religious offshoots","58. March Madness org.","62. President before D.D.E.","63. Jazz instrument","64. Savings for the golden years, for short"]},"code":null,"copyright":"2017, The New York Times","date":"5\/8\/2017","dow":"Monday","downmap":null,"editor":"Will Shortz","grid":["G","P","A",".","M","A","G","O","O",".","S","C","O","W","S","O","L","D",".","C","L","O","T","H",".","I","O","N","I","A","B","A","D",".","E","L","L","E","F","A","N","N","I","N","G","I","N","L","A","W",".",".","R","U","N",".","C","O","D","E","G","E","E","Y","A","T","H","I","N","K",".","E","N","C",".",".",".",".","E","N","Y","A",".",".","H","A","R","S","H",".","A","N","T","S",".","P","R","O","M",".","I","N","O","I","L","S","E","E",".","B","E","E","B","A","L","M",".","U","M","A","K","I","T","T","Y",".","S","I","L","O",".","A","P","E","X",".","L","E","A","S","E",".",".","I","N","S","T",".",".",".",".","Y","A","K",".","T","E","A","K","E","T","T","L","E","S","N","O","T","E",".","T","L","C",".",".","A","N","G","L","E","C","U","E","T","H","E","M","U","S","I","C",".","B","I","C","A","N","T","E","S",".","S","T","A","R","K",".","T","O","T","A","G","E","N","T",".","T","E","X","A","S",".","Q","T","S"],"gridnums":[1,2,3,0,4,5,6,7,8,0,9,10,11,12,13,14,0,0,0,15,0,0,0,0,0,16,0,0,0,0,17,0,0,0,18,0,0,0,0,19,0,0,0,0,0,20,0,0,21,0,0,0,22,0,0,0,23,0,0,0,24,0,0,0,0,25,26,0,0,0,0,27,0,0,0,0,0,0,28,0,0,0,0,0,29,30,0,0,0,0,31,32,33,0,0,34,0,35,36,0,37,0,0,0,38,39,0,0,0,40,0,0,0,0,41,0,0,42,0,0,43,0,0,44,0,0,45,0,0,0,0,46,0,0,0,0,47,0,0,0,48,0,0,49,0,50,0,0,0,0,0,51,0,0,0,52,53,54,0,0,0,0,55,56,57,58,0,0,0,0,59,0,0,0,0,60,0,0,0,0,61,0,0,0,62,0,0,0,63,64,0,0,65,0,0,66,0,0,0,0,0,67,0,0,0,0,0,68,0,0,69,0,0,0,0,0,70,0,0,0,0,0,71,0,0],"hastitle":false,"hold":null,"id":null,"id2":null,"interpretcolors":null,"jnotes":null,"key":null,"mini":null,"notepad":null,"publisher":"The New York Times","rbars":null,"shadecircles":null,"size":{"cols":15,"rows":15},"title":"NY TIMES, MON, MAY 08, 2017","track":null,"type":null,"uniclue":false}