{"acrossmap":null,"admin":false,"answers":{"across":["TACT","OCALA","RAMP","ECHO","MOREL","ODIE","SNEAKAPEEK","LEAD","HEADON","TRAVOLTA","PSA","SEALADEAL","ODD","LOP","TINE","GRABACAB","EXULT","LETO","TRADE","ESAU","EWERS","GOTASHOT","DASH","ZAP","ISU","BAKEACAKE","NHS","WELLBORN","KEATON","ARIL","WROTEANOTE","NONO","LITER","GROW","ASKS","SSTAR","SYST"],"down":["TESH","ACNE","CHEAPDATE","TOADS","OMAN","COP","ARETE","LEERAT","ALKALI","ROLODEXES","ADELE","MIATA","PEDAL","KOALA","VANE","SPAR","OGLE","DREW","OCT","BORDELLOS","BAG","USHISTORY","LAOS","TUTU","DOZE","ETA","SAAB","APNEA","SCOWLS","HARRIS","BWANA","AEROS","KLINK","KNOTT","HANGS","KERR","OTOS","NEWT","TEA"]},"author":"Peter A. Collins","autowrap":null,"bbars":null,"circles":null,"clues":{"across":["1. Social adroitness","5. City between Gainesville and Orlando","10. Skateboarder's incline","14. Radar response","15. Mushroom variety","16. Garfield's foil in the comics","17. View furtively","19. Main role","20. Direct, as a collision","21. John of \"Saturday Night Fever\"","23. Amber Alert, e.g., for short","24. Complete the negotiations","25. Like the number of games in a \"best of\" series","27. Cut (off)","29. Pitchfork point","30. Secure some urban transportation","33. Rejoice","37. Oscar winner Jared of \"Dallas Buyers Club\"","38. Buy and sell, as stocks","41. Jacob's biblical twin","42. Decorative pitchers","44. Was vaccinated","46. Pinch in the kitchen","49. Hit with a Taser","50. Terre Haute sch.","51. Prepare for someone's birthday, perhaps","55. Org. for top-notch H.S. students","57. Blue-blooded","58. Hollywood's Diane, Buster or Michael","61. Seed cover","62. Briefly put pen to paper, say","64. \"Don't touch that, honey!\"","65. Engine capacity unit","66. Increase","67. Poses a poser","68. Relatively cool red giant","69. The second \"S\" of MS-DOS: Abbr."],"down":["1. Radio host John","2. Teenage skin malady","3. Takeout food together with a Netflix movie, maybe","4. Garden amphibians","5. Tip of the Arabian Peninsula","6. \"Brooklyn Nine-Nine\" figure","7. Rocky glacial ridge","8. Look upon with lust","9. High-pH substance","10. Obsolescent desktop accessories","11. \"Hello\" singer, 2015","12. Sporty Mazda","13. Organ part","18. Qantas Airways symbol","22. Barn topper","24. Practice boxing","25. Look upon with lust","26. Was the clue giver in Pictionary","28. Start of the fourth qtr.","31. Brothels","32. Give up on, in slang","34. Class that covers Reconstruction and Prohibition","35. Neighbor of Vietnam","36. \"Swan Lake\" article of attire","39. Nod off","40. Letter between zeta and theta","43. Swedish aircraft giant","45. Breathing problem","47. Frowny looks","48. ___ tweed","51. Swahili master","52. NestlÃ© bars filled with tiny bubbles","53. \"Hogan's Heroes\" colonel","54. Noted berry farm founder Walter","56. Puts up, as a painting","58. Deborah of \"The King and I\"","59. Plains tribe members","60. Politico Gingrich","63. Drink with crumpets"]},"code":null,"copyright":"2017, The New York Times","date":"5\/9\/2017","dow":"Tuesday","downmap":null,"editor":"Will Shortz","grid":["T","A","C","T",".","O","C","A","L","A",".","R","A","M","P","E","C","H","O",".","M","O","R","E","L",".","O","D","I","E","S","N","E","A","K","A","P","E","E","K",".","L","E","A","D","H","E","A","D","O","N",".","T","R","A","V","O","L","T","A",".",".","P","S","A",".","S","E","A","L","A","D","E","A","L","O","D","D",".","L","O","P",".","T","I","N","E",".",".",".","G","R","A","B","A","C","A","B",".",".","E","X","U","L","T","L","E","T","O",".","T","R","A","D","E",".","E","S","A","U","E","W","E","R","S",".",".","G","O","T","A","S","H","O","T",".",".",".","D","A","S","H",".","Z","A","P",".","I","S","U","B","A","K","E","A","C","A","K","E",".","N","H","S",".",".","W","E","L","L","B","O","R","N",".","K","E","A","T","O","N","A","R","I","L",".","W","R","O","T","E","A","N","O","T","E","N","O","N","O",".","L","I","T","E","R",".","G","R","O","W","A","S","K","S",".","S","S","T","A","R",".","S","Y","S","T"],"gridnums":[1,2,3,4,0,5,6,7,8,9,0,10,11,12,13,14,0,0,0,0,15,0,0,0,0,0,16,0,0,0,17,0,0,0,18,0,0,0,0,0,0,19,0,0,0,20,0,0,0,0,0,0,21,0,0,22,0,0,0,0,0,0,23,0,0,0,24,0,0,0,0,0,0,0,0,25,26,0,0,27,28,0,0,29,0,0,0,0,0,0,30,0,0,31,0,0,0,32,0,0,33,0,34,35,36,37,0,0,0,0,38,0,0,39,40,0,41,0,0,0,42,0,0,0,43,0,0,44,0,0,45,0,0,0,0,0,0,0,46,0,47,48,0,49,0,0,0,50,0,0,51,52,53,0,0,0,0,54,0,0,55,56,0,0,0,57,0,0,0,0,0,0,0,0,58,0,0,0,59,60,61,0,0,0,0,62,0,0,63,0,0,0,0,0,0,64,0,0,0,0,65,0,0,0,0,0,66,0,0,0,67,0,0,0,0,68,0,0,0,0,0,69,0,0,0],"hastitle":false,"hold":null,"id":null,"id2":null,"interpretcolors":null,"jnotes":null,"key":null,"mini":null,"notepad":null,"publisher":"The New York Times","rbars":null,"shadecircles":null,"size":{"cols":15,"rows":15},"title":"NY TIMES, TUE, MAY 09, 2017","track":null,"type":null,"uniclue":false}