{"acrossmap":null,"admin":false,"answers":{"across":["PEAR","EBONY","MORAL","ARIA","BENES","AMAZE","CAMINOREAL","YENTA","SOLES","GOES","PRIVATEENTRANCE","ALAN","CLONES","RESENDS","LOOM","SPA","CAPTAINFANTASTIC","STY","GAUL","SEXTANT","FARCES","ANTS","QWERTYKEYBOARDS","AHME","DEANS","TOAST","INNERCHILD","ALICE","SCENE","IDEA","RELAX","TOYED","PONY"],"down":["PAC","ERA","AIM","RAISINET","EBOLA","BERET","ONESEC","NEA","YSL","MAY","OMEGAS","RANON","AZTEC","LEASE","NOV","PLEAT","RASPY","ELLA","NOONS","TNOTE","REMAX","ARCS","NAGAT","DIARY","SNUCK","STAND","PINTS","ACTS","FLEE","STARSHIP","FRESCA","SYDNEY","QATAR","WHOLE","EMAIL","BEENE","OARED","ANC","TEX","IST","NCO","IDO","LEN","DAY"]},"author":"Peter Gordon","autowrap":null,"bbars":null,"circles":null,"clues":{"across":["1. Fruit often seen in still lifes","5. Black wood","10. Fable's message","15. Opera highlight","16. Elaine's last name on \"Seinfeld\"","17. Flabbergast","18. Historic California route, with \"El\"","20. Schmoozing gossip","21. Bottoms of high-tops","22. Departs","23. Desirable feature of a rented room","29. Mathematician Turing who was the subject of \"The Imitation Game\"","30. Genetic copies","31. Forwards, as a misdelivered letter","35. Weaving machine","36. Mani-pedi place","39. 2016 film for which Viggo Mortensen earned an Oscar nomination","42. Pig's digs","43. Ancient France","44. Navigation instrument","45. Many Monty Python skits","47. Crumb carriers","48. Common computer peripherals","54. Sigher's words","55. College officials","56. \"Here's to the newlyweds!,\" e.g.","58. Part of a person's psyche ... or a hidden part of 18-, 23-, 39- or 48-Across?","63. Wonderland girl","64. Division of a play","65. Notion","66. Chill out","67. Played (with)","68. Polo mount"],"down":["1. \"Super\" group buying campaign ads","2. One-third of pitching's Triple Crown, for short","3. Command between \"Ready!\" and \"Fire!\"","4. Chocolate-covered morsel often eaten at the movies","5. Virus in 2014 news","6. Special Forces cap","7. \"Gimme a minute\"","8. Schoolteacher's org.","9. French designer's monogram","10. With 62-Down, a spring festival","11. Symbols of resistance","12. Talked incessantly","13. Quetzalcoatl worshiper","14. Car deal that's not a purchase","19. Election mo.","23. Skirt fold","24. Hoarse","25. \"___ Enchanted\" (2004 film)","26. \"High\" times","27. Govt.-issued security","28. Century 21 rival","29. Paths of pendulums","32. Bother persistently","33. Book with handwritten thoughts","34. Ducked (out) furtively","36. Easel, e.g.","37. Pub purchases","38. Divisions of a play","40. Escape","41. The Enterprise, for example","45. Soft drink in a green bottle","46. 2000 Summer Olympics city","48. Smallest OPEC nation","49. Entire","50. Letter that doesn't need an envelope or stamp","51. Designer Geoffrey","52. Got into a row?","53. Nelson Mandela's org.","57. ___-Mex","58. \"Was ___ das?\" (German question)","59. Cpl., e.g.","60. Altar affirmation","61. Spy novelist Deighton","62. See 10-Down"]},"code":null,"copyright":"2017, The New York Times","date":"5\/15\/2017","dow":"Monday","downmap":null,"editor":"Will Shortz","grid":["P","E","A","R",".","E","B","O","N","Y",".","M","O","R","A","L","A","R","I","A",".","B","E","N","E","S",".","A","M","A","Z","E","C","A","M","I","N","O","R","E","A","L",".","Y","E","N","T","A",".",".",".","S","O","L","E","S",".",".",".",".","G","O","E","S",".","P","R","I","V","A","T","E","E","N","T","R","A","N","C","E","A","L","A","N",".",".",".","C","L","O","N","E","S",".",".",".","R","E","S","E","N","D","S",".","L","O","O","M",".","S","P","A","C","A","P","T","A","I","N","F","A","N","T","A","S","T","I","C","S","T","Y",".","G","A","U","L",".","S","E","X","T","A","N","T",".",".",".","F","A","R","C","E","S",".",".",".","A","N","T","S","Q","W","E","R","T","Y","K","E","Y","B","O","A","R","D","S",".","A","H","M","E",".",".",".",".","D","E","A","N","S",".",".",".","T","O","A","S","T",".","I","N","N","E","R","C","H","I","L","D","A","L","I","C","E",".","S","C","E","N","E",".","I","D","E","A","R","E","L","A","X",".","T","O","Y","E","D",".","P","O","N","Y"],"gridnums":[1,2,3,4,0,5,6,7,8,9,0,10,11,12,13,14,15,0,0,0,0,16,0,0,0,0,0,17,0,0,0,0,18,0,0,0,19,0,0,0,0,0,0,20,0,0,0,0,0,0,0,21,0,0,0,0,0,0,0,0,22,0,0,0,0,23,24,0,0,0,0,0,25,26,27,28,0,0,0,0,29,0,0,0,0,0,0,30,0,0,0,0,0,0,0,0,31,0,0,0,32,33,34,0,35,0,0,0,0,36,37,38,39,0,0,0,0,0,0,40,0,0,0,0,41,0,0,0,42,0,0,0,43,0,0,0,0,44,0,0,0,0,0,0,0,0,0,45,0,0,0,0,46,0,0,0,47,0,0,0,48,49,50,0,0,0,0,0,0,51,52,53,0,0,0,0,54,0,0,0,0,0,0,0,55,0,0,0,0,0,0,0,56,0,0,0,57,0,58,59,0,0,0,0,0,60,61,62,63,0,0,0,0,0,64,0,0,0,0,0,65,0,0,0,66,0,0,0,0,0,67,0,0,0,0,0,68,0,0,0],"hastitle":false,"hold":null,"id":null,"id2":null,"interpretcolors":null,"jnotes":null,"key":null,"mini":null,"notepad":null,"publisher":"The New York Times","rbars":null,"shadecircles":null,"size":{"cols":16,"rows":15},"title":"NY TIMES, MON, MAY 15, 2017","track":null,"type":null,"uniclue":false,"valid":true}