{"acrossmap":null,"admin":false,"answers":{"across":["HITON","ALE","SILT","ADORE","ALEC","OBIE","TONGUELASH","CELT","PIG","TAD","SOCKEYE","IDA","REMO","LEN","NONPC","NAN","ETHER","AORTA","DASANI","IMINAWE","BOREDOM","PANTRY","TROUT","OTROS","POE","PSYCH","EME","AIWA","EOE","SATINON","SHH","MRI","PLUM","HASKITTENS","OGRE","OMNI","TENET","TANS","KAL","PAIRS"],"down":["HATPIN","IDOIDO","TONGAN","ORG","NEUT","ALA","LESSON","ECHO","SOCKETSETS","IBEENHAD","LILY","TETE","ALDENTE","EAR","CLEARUP","MAA","PANTOMIMES","COARSEN","ENO","RIM","RWY","DOO","IPO","MAT","INRETURN","BREWSKI","TOI","PANAMA","YEMENI","CORNER","HEISTS","AHI","SPOT","ALGA","OHOK","HTTP","SNL","TEA"]},"author":"Zhouqin Burnikel","autowrap":null,"bbars":null,"circles":[0,0,1,0,0,0,0,0,0,0,0,1,0,0,0,0,0,1,0,0,0,0,0,0,0,0,1,0,0,0,1,1,1,1,0,0,0,0,0,0,0,1,0,0,0,0,0,1,0,0,0,0,0,1,1,1,1,0,0,0,0,0,0,0,0,0,0,0,0,0,0,0,0,0,0,0,0,0,1,0,0,0,0,0,0,0,0,0,0,0,0,0,0,1,0,0,0,0,0,0,0,0,0,0,0,0,0,0,1,0,0,0,0,0,0,0,0,0,0,0,1,1,1,1,0,0,0,0,0,0,0,0,0,0,0,0,0,0,0,0,0,0,0,0,0,0,0,0,0,0,0,0,0,0,0,0,0,0,0,0,0,0,0,0,0,0,0,0,0,0,0,0,0,1,0,0,0,0,0,0,0,0,0,0,0,0,0,1,1,1,0,0,0,0,0,0,0,0,0,0,0,0,0,1,0,0,0,0,0,0,0,0,0,0,0,0,0,0,0,0,0,0,0,0,0],"clues":{"across":["1. Make a pass at","6. Cousin of lager","9. Deposited soil","13. Dig deeply","14. Baldwin known for his presidential impersonation","15. Village Voice award","16. Dress down","18. TD Garden athlete, informally","19. Gorge oneself, with \"out\"","20. Smidgen","21. Salmon type","23. Wash. neighbor","24. San ___, Italy","26. \"Live Free or Die Hard\" director Wiseman","27. Potentially offensive","30. Bread that's often brushed with ghee","31. Early anesthetic","34. Main line from the heart","36. Aquafina competitor","37. \"Wow, unbelievable!\"","40. Cause of yawns","41. Kitchen cabinet","42. Rainbow ___","43. Others, in Oaxaca","44. \"A Dream Within a Dream\" writer","45. Big college major, informally","49. Suffix with morph-","50. Onetime giant in consumer electronics","52. Fair-hiring letters","53. Audited, as a class","56. \"Be quiet!\"","58. X-ray alternative","59. Coveted, as a position","60. Throws a fit","63. Fairy tale meanie","64. Marriott competitor","65. Core belief","66. Lies by the pool, say","67. Penn of \"Harold &amp; Kumar\" films","68. Figure skating event ... or what the circled items always come in"],"down":["1. Quaint fashion accessory","2. Enthusiastic assent","3. Friendly Islands native","4. www.wikipedia.___","5. Neither fem. nor masc.","6. Pie ___ mode","7. Future perfect tense in grammar class, e.g.","8. Bounce back","9. Some mechanics' tool collections","10. Informal cry from someone who is duped","11. Bloom on a pad","12. Part lopped off by la guillotine","14. How pasta may be prepared","17. Talent for music","22. Fully explain","25. Nanny goat's cry","28. Plays charades","29. Make rough","32. Brian who composed \"Discreet Music\"","33. What an air ball misses","35. Train system: Abbr.","36. Scooby-___","37. Big step for a young company, for short","38. Silent \"Welcome\" giver","39. Reciprocally","40. Cold one","42. You, in Tours","44. Isthmus land","46. Native of Mocha","47. Drugstore location, often","48. Bank jobs","51. Sashimi staple","53. Dalmatian feature","54. Pond organism","55. \"Well, all right then\"","57. Start of a web address","61. TV show that comes on at 11:29 (not 11:30) p.m.","62. Pekoe, for one"]},"code":null,"copyright":"2017, The New York Times","date":"5\/23\/2017","dow":"Tuesday","downmap":null,"editor":"Will Shortz","grid":["H","I","T","O","N",".",".","A","L","E",".","S","I","L","T","A","D","O","R","E",".","A","L","E","C",".","O","B","I","E","T","O","N","G","U","E","L","A","S","H",".","C","E","L","T","P","I","G",".","T","A","D",".","S","O","C","K","E","Y","E","I","D","A",".",".","R","E","M","O",".","L","E","N",".",".","N","O","N","P","C",".","N","A","N",".","E","T","H","E","R",".",".",".","A","O","R","T","A",".","D","A","S","A","N","I","I","M","I","N","A","W","E",".","B","O","R","E","D","O","M","P","A","N","T","R","Y",".","T","R","O","U","T",".",".",".","O","T","R","O","S",".","P","O","E",".","P","S","Y","C","H",".",".","E","M","E",".","A","I","W","A",".",".","E","O","E","S","A","T","I","N","O","N",".","S","H","H",".","M","R","I","P","L","U","M",".","H","A","S","K","I","T","T","E","N","S","O","G","R","E",".","O","M","N","I",".","T","E","N","E","T","T","A","N","S",".","K","A","L",".",".","P","A","I","R","S"],"gridnums":[1,2,3,4,5,0,0,6,7,8,0,9,10,11,12,13,0,0,0,0,0,14,0,0,0,0,15,0,0,0,16,0,0,0,0,17,0,0,0,0,0,18,0,0,0,19,0,0,0,20,0,0,0,21,0,22,0,0,0,0,23,0,0,0,0,24,0,25,0,0,26,0,0,0,0,27,0,0,28,29,0,30,0,0,0,31,0,0,32,33,0,0,0,34,0,35,0,0,0,36,0,0,0,0,0,37,38,39,0,0,0,0,0,40,0,0,0,0,0,0,41,0,0,0,0,0,0,42,0,0,0,0,0,0,0,43,0,0,0,0,0,44,0,0,0,45,0,46,47,48,0,0,49,0,0,0,50,0,0,51,0,0,52,0,0,53,54,0,0,0,55,0,0,56,0,57,0,58,0,0,59,0,0,0,0,60,0,61,0,0,0,62,0,0,0,63,0,0,0,0,64,0,0,0,0,65,0,0,0,0,66,0,0,0,0,67,0,0,0,0,68,0,0,0,0],"hastitle":false,"hold":null,"id":null,"id2":null,"interpretcolors":null,"jnotes":null,"key":null,"mini":null,"notepad":null,"publisher":"The New York Times","rbars":null,"shadecircles":null,"size":{"cols":15,"rows":15},"title":"NY TIMES, TUE, MAY 23, 2017","track":null,"type":null,"uniclue":false,"valid":true}