{"acrossmap":null,"admin":false,"answers":{"across":["CBS","JONI","ENTIRE","ALE","BARAK","LOONEY","GOLDENAGE","SCYTHE","INFIDELS","KIA","HED","EDITH","BANNERYEAR","REESES","TEA","BOWTO","AUG","AVG","GASP","REDLETTERDAY","MAUI","KIR","SAO","UMBRA","SIB","DOGMAS","FINESTHOUR","DRAKE","FRO","CIA","MAILITIN","LISPED","PRIMETIME","ETERNE","CASAS","NBC","RESETS","SPEX","GOA"],"down":["CAGIER","BLONDE","SELFIE","JANE","ORALB","NAGSAT","IKE","ELSIE","NOCARB","TOY","INTHEWAY","REHEATS","EYEDROP","BEDHEAD","DITS","KNAVES","NEAT","YOGA","SULK","GEISHA","GRAD","RUBNOSES","EIRE","TRIO","DOODLES","MUFFLER","AMIRITE","ASCENT","BUMRAP","GRIT","MATING","AKIMBO","SENECA","TIDES","RAISE","IMAX","PRE","PCS"]},"author":"Jeff Chen and Seth Geltman","autowrap":null,"bbars":null,"circles":null,"clues":{"across":["1. TV network whose logo is an eye","4. Singer Mitchell who wrote \"Woodstock\" (but didn't attend)","8. Whole","14. The \"A\" of I.P.A.","15. Former Israeli P.M. Ehud","16. ___ Tunes (Warner Bros. cartoons)","17. Epoch of rare distinction","19. Tool for the Grim Reaper","20. Opposites of true believers","21. Optima and Cadenza car company","22. \"If only ___ listened ...\"","23. Archie's wife on \"All in the Family\"","24. Topic of a happy annual report","27. ___ Pieces","29. Celestial Seasonings product","30. Greet with humility","31. Jul. follower","33. Dow Jones stat.","35. Shocked response","36. Something circled on a calendar","40. Second-largest Hawaiian island","42. Aperitif with black currant liqueur","43. ___ Paulo, Brazil","44. Darkest part of a shadow","46. Bro, e.g.","48. Concepts not meant to be questioned","53. Period of supreme courage and achievement","56. One-named rap star","57. To and ___","58. Fact-gathering org.","59. Do a perfunctory performance","61. Substituted \"math\" for \"mass,\" say","63. When TV viewership peaks ... or a hint to 17-, 24-, 36- and 53-Across","64. Timeless, to Shakespeare","65. Houses in Havana","66. TV network whose logo is a peacock","67. Puts back to 0, say","68. X-ray ___ (gag gift)","69. \"We all ___ little mad sometimes\": Norman Bates"],"down":["1. More evasive with the truth","2. Marilyn Monroe, notably","3. Something you reach out and take?","4. Author Austen","5. Toothbrush brand","6. Bothers the conscience of","7. Eisenhower, informally","8. Borden milk mascot","9. Like a diet lacking bread or pasta, for short","10. Etch A Sketch or yo-yo","11. Blocking someone's path","12. Puts back in the oven","13. Visine application","15. Tousled look of the recently woken","18. Counterparts of dahs in Morse code","21. Scoundrels","25. In apple-pie order","26. Mind-body exercise","28. Sit and mope","32. Performer with a fan","34. One finally done with finals?","36. Kiss like an Eskimo","37. Land of Blarney","38. Duo plus one","39. Idle drawings","40. Part of a car's exhaust system","41. \"You agree with me?,\" informally","45. Goal for a mountaineer","47. Trumped-up charge","49. Fortitude","50. Beating at chess","51. With hands on hips","52. ___ Falls, N.Y.","54. Neap and ebb","55. Uplift","60. Big movie format","62. ___-K (early schooling)","63. Mac alternatives"]},"code":null,"copyright":"2017, The New York Times","date":"5\/29\/2017","dow":"Monday","downmap":null,"editor":"Will Shortz","grid":["C","B","S",".",".","J","O","N","I",".","E","N","T","I","R","E","A","L","E",".","B","A","R","A","K",".","L","O","O","N","E","Y","G","O","L","D","E","N","A","G","E",".","S","C","Y","T","H","E","I","N","F","I","D","E","L","S",".","K","I","A",".","H","E","D","E","D","I","T","H",".","B","A","N","N","E","R","Y","E","A","R","R","E","E","S","E","S",".","T","E","A",".","B","O","W","T","O",".",".",".",".","A","U","G",".","A","V","G",".","G","A","S","P",".",".","R","E","D","L","E","T","T","E","R","D","A","Y",".",".","M","A","U","I",".","K","I","R",".","S","A","O",".",".",".",".","U","M","B","R","A",".","S","I","B",".","D","O","G","M","A","S","F","I","N","E","S","T","H","O","U","R",".","D","R","A","K","E","F","R","O",".","C","I","A",".","M","A","I","L","I","T","I","N","L","I","S","P","E","D",".","P","R","I","M","E","T","I","M","E","E","T","E","R","N","E",".","C","A","S","A","S",".","N","B","C","R","E","S","E","T","S",".","S","P","E","X",".",".","G","O","A"],"gridnums":[1,2,3,0,0,4,5,6,7,0,8,9,10,11,12,13,14,0,0,0,15,0,0,0,0,0,16,0,0,0,0,0,17,0,0,18,0,0,0,0,0,0,19,0,0,0,0,0,20,0,0,0,0,0,0,0,0,21,0,0,0,22,0,0,23,0,0,0,0,0,24,0,25,0,0,0,26,0,0,0,27,0,0,0,0,28,0,29,0,0,0,30,0,0,0,0,0,0,0,0,31,0,32,0,33,0,34,0,35,0,0,0,0,0,36,37,0,0,0,38,0,0,0,39,0,0,0,0,40,41,0,0,0,42,0,0,0,43,0,0,0,0,0,0,44,0,0,0,45,0,46,0,47,0,48,0,49,50,51,52,53,0,0,0,0,54,0,0,0,55,0,56,0,0,0,0,57,0,0,0,58,0,0,0,59,0,60,0,0,0,0,0,61,0,0,62,0,0,0,63,0,0,0,0,0,0,0,0,64,0,0,0,0,0,0,65,0,0,0,0,0,66,0,0,67,0,0,0,0,0,0,68,0,0,0,0,0,69,0,0],"hastitle":false,"hold":null,"id":null,"id2":null,"interpretcolors":null,"jnotes":null,"key":null,"mini":null,"notepad":null,"publisher":"The New York Times","rbars":null,"shadecircles":null,"size":{"cols":16,"rows":15},"title":"NY TIMES, MON, MAY 29, 2017","track":null,"type":null,"uniclue":false,"valid":true}