{"acrossmap":null,"admin":false,"answers":{"across":["TEAMUP","SCAG","PBJ","EXCEED","ALDO","ARE","STUDYABROAD","PAT","LOTUS","MIAMI","ENS","ARES","RISKAVERSE","STRAFE","ASCOT","CESSNA","PUNS","TICKETAGENT","GIRD","SAYSOK","AMIES","NEIGHS","LEADASTRAY","PROW","PAN","LOYAL","CHORE","ANG","SNIFFAROUND","LIL","AINT","PENSEE","STE","SAGS","TWEETS"],"down":["TESLAS","EXTORT","ACUTER","MEDUSA","UEYS","PDA","SARIS","CLOAK","ADAMA","GODIVA","PAPERCUT","BRANSON","JETSETS","BMI","REEKS","ESPN","FCC","SEA","STY","NAS","AGONY","TRIANGLE","IDED","EKE","GALPALS","IMEANIT","SALSAS","IPHONE","GROUSE","HORNET","SWEDES","SONIA","TYING","RAFTS","ALF","CREW","APT"]},"author":"David Phillips","autowrap":null,"bbars":null,"circles":null,"clues":{"across":["1. Join forces","7. Heroin, slangily","11. Lunchbox sandwich, informally","14. Go beyond","15. Gucci of fashion","16. \"We ___ Young\" (2012 Song of the Year)","17. Read up on a woman, old-fashionedly?","19. One way to stand","20. Yoga position","21. Home of the Heat","22. Naval subordinate: Abbr.","23. Warrior on Mount Olympus","24. Take a chance on a work of poetry?","26. Attack from the air","28. Cousin of a cravat","29. Big name in small planes","34. What crossword clues with question marks often are","35. Cite a chap for speeding?","38. Prepare for a struggle","40. Gives the go-ahead","41. French 38-Down","43. Stable sounds","48. Coax a lost dog to follow you?","53. Figurehead's place","54. Camera-moving technique","55. Unlikely to defect","56. Task","57. \"Hulk\" director Lee","58. Check the aroma of a few beers?","60. Al Capp diminutive","61. \"You ___ kiddin'!\"","62. Thought, to Pascal","63. Québec place name abbr.","64. Loses rigidity","65. Messages with hashtags"],"down":["1. Autos with charging stations","2. Get by intimidation","3. More discerning","4. Monster beheaded by Perseus","5. 180s","6. Unlawful behavior in strict Muslim countries, for short","7. Delhi wraps","8. Dagger's partner","9. \"Battlestar Galactica\" commander","10. Big name in chocolates","11. Small slice of one's workday?","12. Richard who founded Virgin Atlantic","13. Travels in high style","18. Ascap counterpart","24. Needs a bath badly","25. Place to follow the M.L.B.","27. Obscenity-monitoring org.","30. Naval burial site, maybe","31. Dirty digs","32. \"Hip Hop Is Dead\" rapper","33. Ecstasy's opposite","35. It's right in the Pythagorean theorem","36. Carded, for short","37. Barely manage, with \"out\"","38. \"Sex and the City\" quartet, e.g.","39. \"No kidding!\"","42. Tex-Mex dips","44. FaceTime device","45. Bellyache","46. Insect that builds a papery nest","47. Three of Abba's members, by birth","49. The Supreme Court's Sotomayor","50. Getting even with","51. Shooters through rapids","52. Sitcom extraterrestrial","56. Captain's command","59. Quick on the uptake"]},"code":null,"copyright":"2017, The New York Times","date":"3\/1\/2017","dow":"Wednesday","downmap":null,"editor":"Will Shortz","grid":["T","E","A","M","U","P",".","S","C","A","G",".","P","B","J","E","X","C","E","E","D",".","A","L","D","O",".","A","R","E","S","T","U","D","Y","A","B","R","O","A","D",".","P","A","T","L","O","T","U","S",".","M","I","A","M","I",".","E","N","S","A","R","E","S",".","R","I","S","K","A","V","E","R","S","E","S","T","R","A","F","E",".",".",".",".","A","S","C","O","T",".",".",".",".","C","E","S","S","N","A",".","P","U","N","S",".",".","T","I","C","K","E","T","A","G","E","N","T",".",".","G","I","R","D",".","S","A","Y","S","O","K",".",".",".",".","A","M","I","E","S",".",".",".",".","N","E","I","G","H","S","L","E","A","D","A","S","T","R","A","Y",".","P","R","O","W","P","A","N",".","L","O","Y","A","L",".","C","H","O","R","E","A","N","G",".","S","N","I","F","F","A","R","O","U","N","D","L","I","L",".","A","I","N","T",".","P","E","N","S","E","E","S","T","E",".","S","A","G","S",".","T","W","E","E","T","S"],"gridnums":[1,2,3,4,5,6,0,7,8,9,10,0,11,12,13,14,0,0,0,0,0,0,15,0,0,0,0,16,0,0,17,0,0,0,0,0,18,0,0,0,0,0,19,0,0,20,0,0,0,0,0,21,0,0,0,0,0,22,0,0,23,0,0,0,0,24,0,0,0,0,0,25,0,0,0,26,0,0,0,27,0,0,0,0,0,28,0,0,0,0,0,0,0,0,29,0,30,31,32,33,0,34,0,0,0,0,0,35,36,0,0,0,0,0,0,37,0,0,0,0,38,39,0,0,0,40,0,0,0,0,0,0,0,0,0,41,0,0,0,42,0,0,0,0,43,0,44,45,46,47,48,0,0,0,0,49,50,51,52,0,0,53,0,0,0,54,0,0,0,55,0,0,0,0,0,56,0,0,0,0,57,0,0,0,58,0,0,0,0,59,0,0,0,0,0,60,0,0,0,61,0,0,0,0,62,0,0,0,0,0,63,0,0,0,64,0,0,0,0,65,0,0,0,0,0],"hastitle":false,"hold":null,"id":null,"id2":null,"interpretcolors":null,"jnotes":null,"key":null,"mini":null,"notepad":null,"publisher":"The New York Times","rbars":null,"shadecircles":null,"size":{"cols":15,"rows":15},"title":"NY TIMES, WED, MAR 01, 2017","track":null,"type":null,"uniclue":false}