{"acrossmap":null,"admin":false,"answers":{"across":["SPA","ESTO","DEBRA","HUTS","SHIA","IDLES","OSTEOPATH","SKUNK","WHATFAMOUSPOET","NYC","UNA","LUC","HASANAMETHATS","THERE","COPE","RUE","AIDE","TAROT","LGBT","TNT","TAXI","SAYAH","ADOUBLEDACTYL","NIL","RAE","EVA","EMILYDICKINSON","HAITI","USAINBOLT","ESSES","MEDE","ACTS","MESSI","PEER","KAY"],"down":["SHOWN","PUSHY","ATTACHEDTO","ESPANA","SHAMAN","TITO","OAHU","DISPUTE","EDKOCH","BLUE","RENT","ASK","SET","OFUSE","SLEPT","ARE","ACRID","MOO","ARGYLESOCK","TUBA","SETH","TATA","HIND","TALLY","AXE","LAY","TBILISI","STEIN","UNITES","ARCADE","CAKIER","VOLTA","ANTSY","EASE","MISS","DUMP","ISEE","NBA","HEM"]},"author":"Peter Gordon","autowrap":null,"bbars":null,"circles":null,"clues":{"across":["1. Place known for pampering","4. Idaho motto word","8. Winger of \"Shadowlands\"","13. Dwellings for castaways","15. Muslim minority","16. Doesn't do anything","17. Muscle maneuverer","19. Bad-smelling animal","20. Start of a question is ...","22. SoHo's metropolis","23. A, in Iberia","24. Ice hockey's Robitaille","25. More of the question is ...","32. Starter of limericks","34. Handle adversity","35. Feel some repentance for","36. Paraprofessional","37. Deck with a Justice card","39. Letters for Out readers","40. Blasting material","41. Rainy day rarity","42. Checkup imperative","43. End of the question is ...","47. Zero, in soccer scores","48. Issa of comedy","49. Youngest Gabor sister","52. Here's what the answer is ...","57. Country with voodooists","58. Fastest Olympian","59. Cornering challenges","60. Ancient Iranian","61. Emulates Nicholson","62. Argentine footballer","63. One in a jury box","64. Wife in \"The Godfather\""],"down":["1. Proven as accurate","2. Brash and belligerent","3. Really quite taken with","4. AndalucÃ­a's land","5. Medical sorcerer","6. Yugoslav dictator","7. Island with Diamond Head","8. Quarrel or fight about","9. \"How'm I doin'?\" pol","10. Color like indigo","11. Payment for tenancy","12. Pose in an interview","14. Part of a tennis match","18. Having a benefit","21. Conquered insomnia","26. Make, in arithmetic","27. Pungently odorous","28. Sound from a meadowland","29. Footwear with lozenges","30. Oompah-pah instrument","31. Thomas the clockmaker","32. \"Toodles,\" in Twickenham","33. In the posterior","37. Total for scorekeepers","38. Tool for a lumberjack","39. Troubadour offering","41. Caucasus capital","42. Mug in a rathskeller","44. Blends or conglomerates","45. Place to play Centipede","46. Having more clumpiness","50. Physics class eponym","51. Nervous and fidgety","52. Effortless quality","53. Notice the absence of","54. Garbage disposal site","55. Words of enlightenment","56. Org. for the Pelicans","57. Speak indecisively"]},"code":null,"copyright":"2017, The New York Times","date":"3\/2\/2017","dow":"Thursday","downmap":null,"editor":"Will Shortz","grid":["S","P","A",".",".","E","S","T","O",".","D","E","B","R","A","H","U","T","S",".","S","H","I","A",".","I","D","L","E","S","O","S","T","E","O","P","A","T","H",".","S","K","U","N","K","W","H","A","T","F","A","M","O","U","S","P","O","E","T",".","N","Y","C",".","U","N","A",".",".","L","U","C",".",".",".",".",".","H","A","S","A","N","A","M","E","T","H","A","T","S","T","H","E","R","E",".",".","C","O","P","E",".","R","U","E","A","I","D","E",".","T","A","R","O","T",".","L","G","B","T","T","N","T",".","T","A","X","I",".",".","S","A","Y","A","H","A","D","O","U","B","L","E","D","A","C","T","Y","L",".",".",".",".",".","N","I","L",".",".","R","A","E",".","E","V","A",".","E","M","I","L","Y","D","I","C","K","I","N","S","O","N","H","A","I","T","I",".","U","S","A","I","N","B","O","L","T","E","S","S","E","S",".","M","E","D","E",".","A","C","T","S","M","E","S","S","I",".","P","E","E","R",".",".","K","A","Y"],"gridnums":[1,2,3,0,0,4,5,6,7,0,8,9,10,11,12,13,0,0,14,0,15,0,0,0,0,16,0,0,0,0,17,0,0,0,18,0,0,0,0,0,19,0,0,0,0,20,0,0,0,0,0,0,0,0,21,0,0,0,0,0,22,0,0,0,23,0,0,0,0,24,0,0,0,0,0,0,0,25,26,0,0,0,27,28,0,0,0,29,30,31,32,33,0,0,0,0,0,34,0,0,0,0,35,0,0,36,0,0,0,0,37,38,0,0,0,0,39,0,0,0,40,0,0,0,41,0,0,0,0,0,42,0,0,0,0,43,0,0,44,0,0,0,0,45,46,0,0,0,0,0,0,0,0,47,0,0,0,0,48,0,0,0,49,50,51,0,52,53,0,0,0,54,55,0,0,0,56,0,0,0,57,0,0,0,0,0,58,0,0,0,0,0,0,0,0,59,0,0,0,0,0,60,0,0,0,0,61,0,0,0,62,0,0,0,0,0,63,0,0,0,0,0,64,0,0],"hastitle":false,"hold":null,"id":null,"id2":null,"interpretcolors":null,"jnotes":"Trivia question: Besides Benjamin Harrison, name two other former White House denizens whose names are double dactyls. You'll know them when you get them.","key":null,"mini":null,"notepad":null,"publisher":"The New York Times","rbars":null,"shadecircles":null,"size":{"cols":15,"rows":15},"title":"NY TIMES, THU, MAR 02, 2017","track":null,"type":null,"uniclue":false}