{"acrossmap":null,"admin":false,"answers":{"across":["WEB","ABASES","ROB","ALE","MEDUSA","DEVO","MARRIEDMAN","EDEN","PINOT","MUD","CARE","UNICYCLE","SAILED","MEEK","HERR","SMEAR","MADTEAPARTY","ASTEROIDBELTS","QUEENOFMEAN","ATLAS","FEAT","HOST","TOECAP","BLEWINTO","ARCH","EEL","AVERY","RATE","SAUSAGEDOG","ICES","CREOLE","ABU","SEE","INSTIR","YEN"],"down":["WAMPUM","ELAINE","BERNIE","AMITY","BEE","ADD","SUMMERTIMEBLUES","ESAU","SANDS","REDALERT","OVEREATS","BONEDRY","DECIMAL","ROCK","CHARO","LEDOFF","ASPEN","REDEAL","MENSA","ABATE","AUTORACE","SELECTEE","TEACHES","QATARIS","HIVE","ONEDAY","STROBE","TOYGUN","PESCI","WAGER","EARN","SOT","ALI"]},"author":"Patrick Berry","autowrap":null,"bbars":null,"circles":null,"clues":{"across":["1. Entanglement","4. Brings down","10. Hold up","13. Heady stuff","14. Mortal sister of the immortal Stheno and Euryale","15. Jumpsuit-wearing music group","16. He's taken","18. Place whose population was 1, then 2, then 0","19. Champagne grape","20. Attack ad accusations","21. Management","22. Take the wheel?","25. Left port","27. Unrebellious","28. Sir in the Ruhr","30. Attack ad tactic","31. Where Alice is asked \"Why is a raven like a writing-desk?\"","33. Rock groups that are far out?","36. Sobriquet for the woman who said \"Only the little people pay taxes\"","37. Global support?","38. Daredevil's highlight","39. Whole bunch","43. Tip of a wingtip","45. Visited unexpectedly, as a town","47. Prefix meaning \"extreme\"","48. Ocean floor burrower","50. Office supply brand","51. Be critical of?","52. Dachshund, colloquially","55. Boardwalk treats","56. Cuisine that includes trout meunière","57. ___ Simbel (Egyptian landmark)","58. Appreciate","59. Doing time","60. 100% aluminum coin"],"down":["1. Indian bread?","2. Jerry's ex on TV","3. First name in 2016 presidential politics","4. ___ Island (\"Jaws\" locale)","5. Orthographic competition","6. Recipe instruction","7. 1958 hit song that begins \"I'm a-gonna raise a fuss, I'm a-gonna raise a holler\"","8. Biblical polygamist","9. Takes the edge off?","10. State of emergency","11. Has everything?","12. Waterless","15. There's a point to it","17. Shift in one's seat, perhaps","23. Her albums include \"Cuchi-Cuchi\" and \"Olé, Olé\"","24. Was first to go","26. Tree known scientifically as Populus tremuloides","29. Casino correction","31. Sharp club","32. Lose intensity","33. Talladega event","34. Chosen one","35. Trains","36. Residents of the world's richest country per capita","39. Center of activity","40. Sometime in the future","41. Flickering light","42. Cap holder","44. De Niro's \"Raging Bull\" co-star","46. Bucks on a horse, e.g.","49. Pull down","53. Soak","54. \"The Greatest\""]},"code":null,"copyright":"2017, The New York Times","date":"3\/3\/2017","dow":"Friday","downmap":null,"editor":"Will Shortz","grid":["W","E","B",".","A","B","A","S","E","S",".",".","R","O","B","A","L","E",".","M","E","D","U","S","A",".","D","E","V","O","M","A","R","R","I","E","D","M","A","N",".","E","D","E","N","P","I","N","O","T",".",".","M","U","D",".","C","A","R","E","U","N","I","C","Y","C","L","E",".","S","A","I","L","E","D","M","E","E","K",".","H","E","R","R",".","S","M","E","A","R",".",".",".",".","M","A","D","T","E","A","P","A","R","T","Y",".","A","S","T","E","R","O","I","D","B","E","L","T","S",".","Q","U","E","E","N","O","F","M","E","A","N",".",".",".",".","A","T","L","A","S",".","F","E","A","T",".","H","O","S","T","T","O","E","C","A","P",".","B","L","E","W","I","N","T","O","A","R","C","H",".","E","E","L",".",".","A","V","E","R","Y","R","A","T","E",".","S","A","U","S","A","G","E","D","O","G","I","C","E","S",".","C","R","E","O","L","E",".","A","B","U","S","E","E",".",".","I","N","S","T","I","R",".","Y","E","N"],"gridnums":[1,2,3,0,4,5,6,7,8,9,0,0,10,11,12,13,0,0,0,14,0,0,0,0,0,0,15,0,0,0,16,0,0,17,0,0,0,0,0,0,0,18,0,0,0,19,0,0,0,0,0,0,20,0,0,0,21,0,0,0,22,0,0,0,0,23,24,0,0,25,26,0,0,0,0,27,0,0,0,0,28,0,0,29,0,30,0,0,0,0,0,0,0,0,31,0,0,0,0,32,0,0,0,0,0,0,33,34,35,0,0,0,0,0,0,0,0,0,0,0,36,0,0,0,0,0,0,0,0,0,0,0,0,0,0,37,0,0,0,0,0,38,0,0,0,0,39,40,41,42,43,0,0,0,0,44,0,45,0,0,46,0,0,0,0,47,0,0,0,0,48,49,0,0,0,50,0,0,0,0,51,0,0,0,0,52,0,0,53,54,0,0,0,0,0,55,0,0,0,0,56,0,0,0,0,0,0,57,0,0,58,0,0,0,0,59,0,0,0,0,0,0,60,0,0],"hastitle":false,"hold":null,"id":null,"id2":null,"interpretcolors":null,"jnotes":null,"key":null,"mini":null,"notepad":null,"publisher":"The New York Times","rbars":null,"shadecircles":null,"size":{"cols":15,"rows":15},"title":"NY TIMES, FRI, MAR 03, 2017","track":null,"type":null,"uniclue":false}