{"acrossmap":null,"admin":false,"answers":{"across":["FDA","CASK","CLIOS","ARC","ARIA","GLANCE","TAR","CITYSLICKER","COOKS","HOP","LAB","BUBBLEWRAP","FINI","BLASE","HUG","SONIA","SATE","FOG","BROGAN","SUGARCOAT","CRISPS","ALT","RIBS","DAMES","GTO","PARES","RIAS","DUSTJACKET","ANG","BAL","PRESS","CHEVYBLAZER","OWL","KARATS","SEGO","MAO","STYLE","PEST","EXT"],"down":["FAT","DRACULA","ACROBAT","CACKLE","ARISE","SIT","KAY","CLIP","LAC","INKLING","OCEANIA","SERBIAN","GLOP","SHAG","OBSESSES","BBS","WHOA","RUGRATS","FOOTRACE","SRA","FGS","BOT","UPS","CLOT","CDRACKS","RAINHAT","IMAGERY","IRKSOME","BEESWAX","SST","GULL","PARROT","DABS","JPEGS","BYTE","VAL","ASP","ZEE","LOT"]},"author":"Susan Gelfand","autowrap":null,"bbars":null,"circles":null,"clues":{"across":["1. Medicine-approving org.","4. Wine barrel","8. Awards in the ad biz","13. Rainbow shape","14. Opera melody","15. Quick look","16. Paving goo","17. Article of outerwear for an urbanite?","19. Too many of them \"spoil the broth\"","21. Bunny's movement","22. Component of a science course","23. Article of outerwear for a champagne drinker?","26. Done: Fr.","27. Having a ho-hum attitude","28. Warm greeting","29. Justice Sotomayor","30. Leave full","31. Common weather phenomenon in San Francisco","32. Ankle-high work shoe","33. Article of outerwear for a candy lover?","36. Potato chips, to Brits","39. ___-rock (music genre)","40. Entree that may be slathered in barbecue sauce","44. \"Grand\" women","45. Classic muscle car","46. Removes the rind from","47. Inlets","48. Article of outerwear for a housekeeper?","50. Lee who directed \"Life of Pi\"","51. ___ Harbour, Fla.","52. Newspapers, collectively","53. Article of outerwear for a General Motors employee?","57. Bird that gives a hoot","59. Gold standards","60. ___ lily","61. Chinese leader with a Little Red Book","62. Panache","63. Rat or roach","64. No. after a main telephone no."],"down":["1. What the \"Gras\" of Mardi Gras means","2. Count with fangs","3. Circus tumbler","4. Witch's laugh","5. Crop up","6. Command to a dog","7. Mary ___ cosmetics","8. Bit from a movie","9. Fond du ___, Wis.","10. Faintest idea","11. Easter Island locale","12. Belgrade native","15. Unappetizing food that might be served with a ladle","18. Carpet variety","20. Thinks, thinks, thinks (about)","23. Small ammo","24. Command spoken while pulling the reins","25. Rambunctious little kids","26. 200- or 400-meter run, e.g.","29. Madrid Mrs.","31. N.F.L. three-pointers: Abbr.","32. Droid","34. Alternative to FedEx","35. Thicken, as blood","36. Holders of some music collections","37. Headgear for a drizzly day","38. Descriptive language","41. Annoying","42. Honeycomb product","43. Retired jet, for short","45. Shorebird with a distinctive shriek","46. Caged talker","48. Painters' touches","49. Some computer picture files","51. Memory unit","54. Kilmer of \"Top Gun\"","55. Nile viper","56. Middle of Arizona?","58. Auction grouping"]},"code":null,"copyright":"2017, The New York Times","date":"3\/6\/2017","dow":"Monday","downmap":null,"editor":"Will Shortz","grid":["F","D","A",".","C","A","S","K",".",".","C","L","I","O","S","A","R","C",".","A","R","I","A",".","G","L","A","N","C","E","T","A","R",".","C","I","T","Y","S","L","I","C","K","E","R",".","C","O","O","K","S",".",".","H","O","P",".","L","A","B","B","U","B","B","L","E","W","R","A","P",".","F","I","N","I","B","L","A","S","E",".","H","U","G",".","S","O","N","I","A","S","A","T","E",".","F","O","G",".","B","R","O","G","A","N",".",".",".","S","U","G","A","R","C","O","A","T",".",".",".","C","R","I","S","P","S",".","A","L","T",".","R","I","B","S","D","A","M","E","S",".","G","T","O",".","P","A","R","E","S","R","I","A","S",".","D","U","S","T","J","A","C","K","E","T","A","N","G",".","B","A","L",".",".","P","R","E","S","S",".","C","H","E","V","Y","B","L","A","Z","E","R",".","O","W","L","K","A","R","A","T","S",".","S","E","G","O",".","M","A","O","S","T","Y","L","E",".",".","P","E","S","T",".","E","X","T"],"gridnums":[1,2,3,0,4,5,6,7,0,0,8,9,10,11,12,13,0,0,0,14,0,0,0,0,15,0,0,0,0,0,16,0,0,0,17,0,0,0,18,0,0,0,0,0,0,0,19,0,20,0,0,0,0,21,0,0,0,22,0,0,23,0,0,0,0,0,24,25,0,0,0,26,0,0,0,27,0,0,0,0,0,28,0,0,0,29,0,0,0,0,30,0,0,0,0,31,0,0,0,32,0,0,0,0,0,0,0,0,33,34,0,0,0,35,0,0,0,0,0,0,36,37,38,0,0,0,0,39,0,0,0,40,41,42,43,44,0,0,0,0,0,45,0,0,0,46,0,0,0,0,47,0,0,0,0,48,0,0,0,49,0,0,0,0,0,50,0,0,0,51,0,0,0,0,52,0,0,0,0,0,53,0,0,54,0,0,0,55,56,0,0,0,57,0,58,59,0,0,0,0,0,0,60,0,0,0,0,61,0,0,62,0,0,0,0,0,0,63,0,0,0,0,64,0,0],"hastitle":false,"hold":null,"id":null,"id2":null,"interpretcolors":null,"jnotes":null,"key":null,"mini":null,"notepad":null,"publisher":"The New York Times","rbars":null,"shadecircles":null,"size":{"cols":15,"rows":15},"title":"NY TIMES, MON, MAR 06, 2017","track":null,"type":null,"uniclue":false}