{"acrossmap":null,"admin":false,"answers":{"across":["PSAS","MAV","JAMS","CIARA","AVE","OPALS","HEFTY","GIG","GETIT","ACES","MIDAS","DECO","REF","NIC","NHL","FEM","TOOREAL","PHOTOOP","FRET","ALI","WORF","WORK","MIZ","LIFE","PEZ","BBCNEWS","ASYOUDO","AROUSE","CURSED","WORKLIFEBALANCE","LONE","GOGOL","LAOS","EKED","HUGME","BVDS","DEA","SLOBS","YEA"],"down":["PIECEOFWORK","SAFEFORWORK","ARTS","SAY","MAGICLAMPS","AVID","VEGANPIZZA","JOG","APED","MATEFORLIFE","SLICEOFLIFE","CHART","STOMP","MIA","SHH","NETWORK","LOWLIFE","REWORK","TOLIFE","LIE","BAWLED","BROOKE","CORNEA","NUKED","ESL","WEIGHS","SCALES","YUL","ORALB","USNAVY","DECODE","ODESSA","FOUL","EGGO","BOMB"]},"author":"Jeremy Newton","autowrap":null,"bbars":null,"circles":null,"clues":{"across":["1. \"Don't text and drive\" spots, e.g., for short","5. Dallas pro, informally","8. Extemporizes, in a way","12. R&B artist with the 2004 hit \"1, 2 Step\"","13. Manhattan's Park, e.g.: Abbr.","14. Shimmery stones","16. Substantial","17. Band's booking","18. \"Make sense?\"","19. First-class, in slang","20. Gilt-y party?","22. Retro skyscraper style","23. Sports monitor, for short","24. Actor Cage, to friends","25. Org. that penalizes icing","27. Like the yin side: Abbr.","28. Uncomfortably close to home","30. Flashy event?","32. Brood","33. He said \"If you even dream of beating me, you'd better wake up and apologize\"","35. \"Star Trek: T.N.G.\" Klingon","36. One half of a 55-Across","37. \"Les ___\"","38. The other half of a 55-Across","39. Candy sold in stacked bricks","40. Airer of many public affairs programmes","46. Naturally, in Britspeak","53. Spark","54. Gave a damn?","55. Challenge in a demanding job ... or a feature of this puzzle?","59. Single","60. \"Dead Souls\" author Nikolai","61. Neighbor of Myanmar","62. Narrowly made, with \"out\"","63. Message on a candy heart","64. Some briefs","65. Government org. featured on \"Narcos\"","66. Grubby group","67. Positive feedback"],"down":["1. Unpleasant sort","2. Office-friendly, to YouTubers","3. Music and theater, e.g.","4. \"Here's a thought ...\"","5. Things from which genii are summoned","6. Passionate","7. Pie made with dairy-free cheese, maybe","8. Brief, abrupt change in direction","9. Made an impression?","10. Have an unchanging, monogamous relationship","11. Peek into the everyday","12. Put on the map","15. Tread not so lightly","20. Unaccounted for, for short","21. \"Put a cork in it!\"","24. Exchange business cards, maybe","26. Good-for-nothing","29. Overhaul","31. \"L'chaim!\"","34. Bit of fake news","40. Broke down, in a way","41. Edward ___, first popularly elected African-American U.S. senator (Massachusetts, 1967-79)","42. You can see right through it","43. Reheated, in a way","44. Immigrant's class: Abbr.","45. Puts on the 47-Down","47. What some black squares in this grid represent","48. Brynner of \"The Magnificent Seven\"","49. Dental care brand","50. Org. for Carter and Bush Sr. before they became presidents","51. Puzzle out","52. Texas oil city","56. Cry ___","57. Frozen food brand with French Toaster Sticks","58. Fail ignominiously"]},"code":null,"copyright":"2017, The New York Times","date":"3\/9\/2017","dow":"Thursday","downmap":null,"editor":"Will Shortz","grid":[".","P","S","A","S",".","M","A","V",".","J","A","M","S",".","C","I","A","R","A",".","A","V","E",".","O","P","A","L","S","H","E","F","T","Y",".","G","I","G",".","G","E","T","I","T","A","C","E","S",".","M","I","D","A","S",".","D","E","C","O","R","E","F",".","N","I","C",".","N","H","L",".","F","E","M","T","O","O","R","E","A","L",".","P","H","O","T","O","O","P",".","F","R","E","T",".","A","L","I",".","W","O","R","F",".",".","WORK","WORK","WORK","WORK",".","M","I","Z",".","LIFE","LIFE","LIFE","LIFE",".",".",".",".",".",".",".","P","E","Z",".",".",".",".",".",".","B","B","C","N","E","W","S",".","A","S","Y","O","U","D","O","A","R","O","U","S","E",".",".",".","C","U","R","S","E","D","W","O","R","K","L","I","F","E","B","A","L","A","N","C","E","L","O","N","E",".","G","O","G","O","L",".","L","A","O","S","E","K","E","D",".","H","U","G","M","E",".","B","V","D","S","D","E","A",".",".","S","L","O","B","S",".",".","Y","E","A"],"gridnums":[0,1,2,3,4,0,5,6,7,0,8,9,10,11,0,12,0,0,0,0,0,13,0,0,0,14,0,0,0,15,16,0,0,0,0,0,17,0,0,0,18,0,0,0,0,19,0,0,0,0,20,0,0,0,21,0,22,0,0,0,23,0,0,0,24,0,0,0,25,0,26,0,27,0,0,28,0,0,29,0,0,0,0,30,0,0,31,0,0,0,0,32,0,0,0,0,33,34,0,0,35,0,0,0,0,0,36,0,0,0,0,37,0,0,0,38,0,0,0,0,0,0,0,0,0,0,39,0,0,0,0,0,0,0,0,40,41,42,43,44,45,0,0,46,47,48,49,50,51,52,53,0,0,0,0,0,0,0,0,54,0,0,0,0,0,55,0,0,0,0,0,56,57,58,0,0,0,0,0,0,59,0,0,0,0,60,0,0,0,0,0,61,0,0,0,62,0,0,0,0,63,0,0,0,0,0,64,0,0,0,65,0,0,0,0,66,0,0,0,0,0,0,67,0,0],"hastitle":false,"hold":null,"id":null,"id2":null,"interpretcolors":null,"jnotes":null,"key":null,"mini":null,"notepad":null,"publisher":"The New York Times","rbars":null,"shadecircles":null,"size":{"cols":15,"rows":15},"title":"NY TIMES, THU, MAR 09, 2017","track":null,"type":null,"uniclue":false}