{"acrossmap":null,"admin":false,"answers":{"across":["ATTY","JAG","BLISS","PROOF","ERA","ROGUE","BERMUDATRIANGLE","KEATON","GPS","YUK","MIG","BLAIR","FINALSALE","ZAPPA","ENE","ELLA","TETRAS","MARK","EARTH","SANK","UNDEAD","NOID","DIM","REYES","TENNISACE","PITHY","AAH","OCT","AWE","DILUTE","POINTOFNORETURN","ENNUI","EAT","RUBIO","NSYNC","DYE","PACT"],"down":["APB","TREK","TORE","YOMAMA","JEAN","ART","GARGLE","BRASIZE","LON","IGGY","SULU","SEEK","FUTILE","DOGSLED","IPA","BLARNEY","RATS","FEMUR","INANE","NERDY","ALA","PRADA","PANIC","ASKME","THINAIR","KEEP","TON","ASIATIC","DIALER","THEFED","SHUTUP","TWO","OPEN","CONS","TINY","DOTE","TUBA","ERIC","NUN","NAY","NOT"]},"author":"Alan DeLoriea","autowrap":null,"bbars":null,"circles":null,"clues":{"across":["1. Lawyer: Abbr.","5. British sports car, briefly","8. What ignorance is, they say","13. One might end \"Q.E.D.\"","15. A pitcher wants a low one, for short","16. \"___ One: A Star Wars Story\"","17. Atlantic site of strange disappearances","20. Michael who played both Batman and Birdman","21. Aid for a lost driver, for short","22. Big laugh","23. Russian jet","24. Former British P.M. Tony","26. \"As is\" transaction","30. Frank of the Mothers of Invention","34. WSW's opposite","35. Jazzy Fitzgerald","36. Colorful aquarium swimmers","37. \"___ my words\"","39. You are here","41. Didn't float","42. Like zombies","44. Cause for being refused a drink at a bar","46. Opposite of bright","47. Four-time M.L.B. All-Star José","48. Excellent service","50. Terse","52. \"That feels so-o-o-o nice!\"","53. Halloween's mo.","56. Amazement","57. Water down","60. Punny description for 17-, 26- or 48-Across","64. Boredom","65. Sup","66. Florida senator Marco","67. Band with the 2000 hit \"Bye Bye Bye\"","68. Just for Men offering","69. Treaty"],"down":["1. Alert to squad cars, for short","2. Arduous walk","3. Ripped","4. Start of a playground joke","5. Denim fabric","6. Trump's \"The ___ of the Deal\"","7. Use Listerine, say","8. Victoria's Secret measurement","9. Chaney of horror","10. Azalea of rap","11. Lieutenant on the original U.S.S. Enterprise","12. \"___ and ye shall find\"","14. Hopeless","18. Iditarod vehicle","19. Hoppy brew, for short","24. Nonsense, as the Irish might say","25. \"Darn!\"","26. Leg bone connected to the knee bone","27. Stupid","28. Passionately brainy, say","29. Chicken ___ king","31. Fashion house founded in Milan","32. Emotion causing hyperventilation","33. \"___ Another\" (NPR game show)","36. It's in the stratosphere","38. Hold on to","40. Weight unit on a bridge sign","43. From east of the Urals","45. One placing a telephone call","48. Organization for Janet Yellen, informally","49. \"Button your lip!\"","51. Tango requirement","53. Store sign that might be flipped at 9 a.m.","54. Inmates","55. Wee","57. Lavish care (on)","58. Instrument that makes the cheeks puff out","59. Clapton who sang \"Layla\"","61. Habit wearer","62. \"No\" vote","63. \"Just kidding!\""]},"code":null,"copyright":"2017, The New York Times","date":"3\/13\/2017","dow":"Monday","downmap":null,"editor":"Will Shortz","grid":["A","T","T","Y",".",".","J","A","G",".","B","L","I","S","S","P","R","O","O","F",".","E","R","A",".","R","O","G","U","E","B","E","R","M","U","D","A","T","R","I","A","N","G","L","E",".","K","E","A","T","O","N",".","G","P","S",".","Y","U","K",".",".",".","M","I","G",".","B","L","A","I","R",".",".",".","F","I","N","A","L","S","A","L","E",".","Z","A","P","P","A","E","N","E",".","E","L","L","A",".","T","E","T","R","A","S","M","A","R","K",".","E","A","R","T","H",".","S","A","N","K","U","N","D","E","A","D",".","N","O","I","D",".","D","I","M","R","E","Y","E","S",".","T","E","N","N","I","S","A","C","E",".",".",".","P","I","T","H","Y",".","A","A","H",".",".",".","O","C","T",".","A","W","E",".","D","I","L","U","T","E",".","P","O","I","N","T","O","F","N","O","R","E","T","U","R","N","E","N","N","U","I",".","E","A","T",".","R","U","B","I","O","N","S","Y","N","C",".","D","Y","E",".",".","P","A","C","T"],"gridnums":[1,2,3,4,0,0,5,6,7,0,8,9,10,11,12,13,0,0,0,14,0,15,0,0,0,16,0,0,0,0,17,0,0,0,0,18,0,0,0,19,0,0,0,0,0,0,20,0,0,0,0,0,0,21,0,0,0,22,0,0,0,0,0,23,0,0,0,24,0,0,0,25,0,0,0,26,27,28,0,0,0,29,0,0,0,30,0,31,32,33,34,0,0,0,35,0,0,0,0,36,0,0,0,0,0,37,0,0,38,0,39,0,0,40,0,0,41,0,0,0,42,0,0,0,43,0,0,44,0,0,45,0,46,0,0,47,0,0,0,0,0,48,0,0,0,0,49,0,0,0,0,0,0,50,0,51,0,0,0,52,0,0,0,0,0,53,54,55,0,56,0,0,0,57,0,0,0,58,59,0,60,0,0,61,0,0,0,62,0,0,0,0,0,0,63,64,0,0,0,0,0,65,0,0,0,66,0,0,0,0,67,0,0,0,0,0,68,0,0,0,0,69,0,0,0],"hastitle":false,"hold":null,"id":null,"id2":null,"interpretcolors":null,"jnotes":null,"key":null,"mini":null,"notepad":null,"publisher":"The New York Times","rbars":null,"shadecircles":null,"size":{"cols":15,"rows":15},"title":"NY TIMES, MON, MAR 13, 2017","track":null,"type":null,"uniclue":false}