{"acrossmap":null,"admin":false,"answers":{"across":["MOM","DATA","MACAU","ANI","EWERS","OBOES","NEC","NGAIO","TBIRD","SIDCAESAR","ANO","MORALE","LEEJCOBB","ATOMIZE","PAYPAL","NAPE","COOED","STY","ORSONBEAN","AMC","VENTI","AAHS","GOOIER","TANKTOP","TOMGREEN","PAELLA","CPU","SALADDAYS","SHOED","AMATI","NAT","PERSE","SENOR","TRI","ARTSY","SEWS","AKC"],"down":["MANSMAN","ONEIOTA","MICDROP","DENALI","AWGEEZ","TEAS","ARIAL","MOT","ABBACY","COINOPS","AEROBAT","USD","SORE","CAMEO","EPEE","JADA","BLY","ECON","ONT","OBIT","RVER","SERE","NAKED","AGT","MOOCHER","COMPORT","ATLANTA","HOLYARK","SPASTIC","IGUESS","APATOW","NADIRS","ESAS","NAMES","LANE","SPA","DEY"]},"author":"Damon J. Gulczynski","autowrap":null,"bbars":null,"circles":null,"clues":{"across":["1. Pop fan?","4. Numbers to crunch","8. Asian gambling mecca","13. Singer DiFranco","14. Water pitchers","16. Slender woodwinds","17. Asian electronics giant","18. Mystery writer Marsh","19. Sporty car in a Beach Boys song","20. *\"It's a Mad, Mad, Mad, Mad World\" actor, 1963","22. Year, south of the border","23. A pep talk might boost it","24. *\"12 Angry Men\" actor, 1957","28. Reduce to particles","30. Online money transfer facilitator","31. Scruff of the neck","32. Made bird noises","35. Pig's digs","36. *\"Anatomy of a Murder\" actor, 1959","40. \"Breaking Bad\" network","43. It's a size larger than grande at Starbucks","44. Sounds of satisfaction","48. Like a toasted marshmallow vis-à-vis a non-toasted one","50. Shirt with straps instead of sleeves","53. *\"Road Trip\" actor, 2000","56. Rice-based Spanish dish","57. PC \"brain\"","58. Youthful time in one's life ... which this puzzle might harken solvers back to?","60. Did a smith's job on","62. Prized violin","63. D.C. ballplayer","64. In and of itself","65. Mister, south of the border","66. Prefix with borough","67. Bohemian","68. Puts in stitches","69. Dog breeder's org."],"down":["1. One admired for his masculinity","2. The tiniest bit","3. Gesture to punctuate a great performance","4. Highest mountain in North America","5. \"What a bummer!\"","6. Oolong and Earl Grey","7. Popular typeface","8. Bon ___ (witticism)","9. Monastic realm","10. Many washers and dryers in apartment buildings","11. Stunt pilot","12. Amer. money","15. Peeved","21. Hitchcock role in almost every Hitchcock film","25. Sporting sword","26. Actress ___ Pinkett Smith","27. Journalist Nellie","29. \"Micro\" and \"macro\" subject, for short","33. Province west of Que.","34. Passing mention?","37. Winnebago owner, briefly","38. Bone-dry","39. In the buff","40. F.B.I. employee: Abbr.","41. Sponge","42. Behave","45. 1996 Olympics site","46. It stores a synagogue's Torah scrolls","47. Moving jerkily","49. \"Um ... O.K.\"","51. \"Superbad\" producer Judd","52. Low points","54. Those, to José","55. April, May and June, for example","59. Swimmer's assignment","60. Where you might hear 44-Across","61. Susan of \"L.A. Law\""]},"code":null,"copyright":"2017, The New York Times","date":"3\/14\/2017","dow":"Tuesday","downmap":null,"editor":"Will Shortz","grid":["M","O","M",".","D","A","T","A",".",".","M","A","C","A","U","A","N","I",".","E","W","E","R","S",".","O","B","O","E","S","N","E","C",".","N","G","A","I","O",".","T","B","I","R","D","S","I","D","C","A","E","S","A","R",".",".","A","N","O",".","M","O","R","A","L","E",".","L","E","E","J","C","O","B","B","A","T","O","M","I","Z","E",".",".","P","A","Y","P","A","L","N","A","P","E",".",".","C","O","O","E","D",".","S","T","Y",".",".",".","O","R","S","O","N","B","E","A","N",".",".",".","A","M","C",".","V","E","N","T","I",".",".","A","A","H","S","G","O","O","I","E","R",".",".","T","A","N","K","T","O","P","T","O","M","G","R","E","E","N",".","P","A","E","L","L","A",".","C","P","U",".",".","S","A","L","A","D","D","A","Y","S","S","H","O","E","D",".","A","M","A","T","I",".","N","A","T","P","E","R","S","E",".","S","E","N","O","R",".","T","R","I","A","R","T","S","Y",".",".","S","E","W","S",".","A","K","C"],"gridnums":[1,2,3,0,4,5,6,7,0,0,8,9,10,11,12,13,0,0,0,14,0,0,0,15,0,16,0,0,0,0,17,0,0,0,18,0,0,0,0,0,19,0,0,0,0,20,0,0,21,0,0,0,0,0,0,0,22,0,0,0,23,0,0,0,0,0,0,24,0,25,26,0,0,0,27,28,0,0,0,0,0,29,0,0,30,0,0,0,0,0,31,0,0,0,0,0,32,33,34,0,0,0,35,0,0,0,0,0,36,37,38,0,0,0,0,0,39,0,0,0,40,41,42,0,43,0,0,0,0,0,0,44,45,46,47,48,0,0,49,0,0,0,0,50,51,52,0,0,0,0,53,0,0,0,0,0,54,55,0,56,0,0,0,0,0,0,57,0,0,0,0,58,0,59,0,0,0,0,0,0,60,0,0,0,61,0,62,0,0,0,0,0,63,0,0,64,0,0,0,0,0,65,0,0,0,0,0,66,0,0,67,0,0,0,0,0,0,68,0,0,0,0,69,0,0],"hastitle":false,"hold":null,"id":null,"id2":null,"interpretcolors":null,"jnotes":null,"key":null,"mini":null,"notepad":null,"publisher":"The New York Times","rbars":null,"shadecircles":null,"size":{"cols":15,"rows":15},"title":"NY TIMES, TUE, MAR 14, 2017","track":null,"type":null,"uniclue":false}