{"acrossmap":null,"admin":false,"answers":{"across":["EVERY","AAS","CHIMPS","KATIE","RBI","CETERA","ELTONJOHN","RETAIN","SEAT","EMO","RID","NOD","STARREDENTRY","AVERSE","SUREDO","BEGINS","DAR","WEBB","BRAY","ISIN","ARIZ","ANNA","CDT","CHINTZ","DNALAB","LATEST","ALPHABETICAL","GAR","SIR","JUS","ALEC","OBIWAN","NOTSOMUCH","RESOLE","SUI","HENCE","ALMOST","AXE","ORDER"],"down":["EKES","VALE","ETTA","RIOT","YEN","AROMA","ABHORS","SIN","CCRIDER","HEEDED","ITT","MEANT","PRIOR","SANDY","JETES","RERAN","SSN","RUDI","NOWAIT","ABBA","VERN","EGAN","RIYADH","ERNE","BITS","BZZT","IDLER","STAT","CABINET","CLASS","HAL","NASALS","BIJOUX","AGORA","LABEL","PRISM","CUTIE","AMER","LUND","ECCE","CHER","WOO","NSA","OHO"]},"author":"Bruce Haight","autowrap":null,"bbars":null,"circles":[1,1,1,1,1,0,0,0,0,0,0,0,0,0,0,0,0,0,0,0,0,0,0,0,0,0,0,0,0,0,0,0,0,0,0,0,0,0,0,0,0,0,0,0,0,0,0,0,0,0,0,0,0,0,0,0,0,0,0,0,0,0,0,0,0,0,0,0,1,1,1,1,1,1,1,1,1,1,1,1,0,0,0,0,0,0,0,0,0,0,0,0,0,0,0,0,0,0,0,0,0,0,0,0,0,0,0,0,0,0,0,0,0,0,0,0,0,0,1,1,1,1,0,0,0,0,0,0,0,0,0,0,0,0,0,0,0,0,0,0,0,0,0,0,0,0,0,0,0,0,0,0,0,0,0,0,0,0,0,0,1,1,1,1,1,1,1,1,1,1,1,1,0,0,0,0,0,0,0,0,0,0,0,0,0,0,0,0,0,0,0,0,0,0,0,0,0,0,0,0,0,0,0,0,0,0,0,0,0,0,0,0,0,0,0,0,0,0,0,0,0,0,0,0,0,0,0,0,0,0,0,0,0,0,0,1,1,1,1,1],"clues":{"across":["1. See blurb","6. Batteries in mice","9. *Bonzo and others","15. She went to Haiti in a Cole Porter song","16. Ballpark fig.","17. Et ___","18. \"The Lion King\" soundtrack composer","20. Hang on to","21. Boarding pass info","22. Angsty music genre","23. Divest (of)","24. Gesture that might be made with a wink","25. See blurb","28. Opposed","32. \"And how!\"","33. *\"And so it ___\"","34. Patriotic women's org.","35. Jack who played Sgt. Friday","39. Sound like a jackass","40. See blurb","42. PHX airport locale: Abbr.","43. Actress Kendrick of \"Pitch Perfect\"","44. Summer hrs. in Chicago","45. *Fabric with a cheap-sounding name","47. \"CSI\" workplace","50. Fresh gossip, with \"the\"","51. See blurb","55. Long-snouted fish","56. Title for 18-Across","57. Au ___ (menu phrase)","58. Novelist Waugh","62. \"Star Wars\" knight, informally","64. Only a little","66. Fix, as a pump","67. ___ generis (unique)","68. Therefore","69. *\"You just missed!\"","70. Item held by the king of diamonds","71. See blurb"],"down":["1. Barely manages, with \"out\"","2. Lowland, poetically","3. Singer James or Jones","4. Thigh-slapper","5. Nikkei index currency","6. Chocolatier's lure","7. *Can't stomach","8. Go astray","9. 1950s-'60s hit with the lyric \"Ah, you made me love you \/ Now, now, now, now your man is come\"","10. Paid attention to","11. \"The Addams Family\" cousin","12. Had in mind","13. Previous arrest, on a rap sheet","14. Like some light hair","19. Ballet leaps","23. Showed again","25. Form 1040 ID","26. Newswoman Bakhtiar","27. \"Hold it - hang on!\"","28. \"Fernando\" group","29. HGTV personality ___ Yip","30. Eddie ___, subject of \"The French Connection\"","31. World capital whose name means \"gardens\"","36. Fish-eating raptor","37. Stand-up's routines","38. [Wrong answer!]","40. Couch potato","41. \"Right away!,\" in the O.R.","44. China holder","45. Reunion group","46. Rogue computer in \"2001\"","48. M and N, in pronunciation","49. *Elegantly designed trinkets","51. Greek marketplace of old","52. Motown or Decca","53. Light beam splitter","54. Adorable one","58. AAA part: Abbr.","59. Ilsa ___, \"Casablanca\" character","60. \"Behold!,\" to Caesar","61. \"Believe\" Grammy winner, 1999","63. Try to win over","64. Intel org.","65. Cry of discovery"]},"code":null,"copyright":"2017, The New York Times","date":"3\/15\/2017","dow":"Wednesday","downmap":null,"editor":"Will Shortz","grid":["E","V","E","R","Y",".","A","A","S",".","C","H","I","M","P","S","K","A","T","I","E",".","R","B","I",".","C","E","T","E","R","A","E","L","T","O","N","J","O","H","N",".","R","E","T","A","I","N","S","E","A","T",".","E","M","O",".","R","I","D",".","N","O","D",".",".",".",".","S","T","A","R","R","E","D","E","N","T","R","Y","A","V","E","R","S","E",".","S","U","R","E","D","O",".",".",".","B","E","G","I","N","S",".",".","D","A","R",".","W","E","B","B","B","R","A","Y",".",".","I","S","I","N",".",".","A","R","I","Z","A","N","N","A",".","C","D","T",".",".","C","H","I","N","T","Z",".",".",".","D","N","A","L","A","B",".","L","A","T","E","S","T","A","L","P","H","A","B","E","T","I","C","A","L",".",".",".",".","G","A","R",".","S","I","R",".","J","U","S",".","A","L","E","C","O","B","I","W","A","N",".","N","O","T","S","O","M","U","C","H","R","E","S","O","L","E",".","S","U","I",".","H","E","N","C","E","A","L","M","O","S","T",".","A","X","E",".","O","R","D","E","R"],"gridnums":[1,2,3,4,5,0,6,7,8,0,9,10,11,12,13,14,15,0,0,0,0,0,16,0,0,0,17,0,0,0,0,0,18,0,0,0,0,19,0,0,0,0,20,0,0,0,0,0,21,0,0,0,0,22,0,0,0,23,0,0,0,24,0,0,0,0,0,0,25,0,0,0,26,0,0,0,27,0,0,0,28,29,30,31,0,0,0,32,0,0,0,0,0,0,0,0,33,0,0,0,0,0,0,0,34,0,0,0,35,36,37,38,39,0,0,0,0,0,40,41,0,0,0,0,42,0,0,0,43,0,0,0,0,44,0,0,0,0,45,46,0,0,0,0,0,0,0,47,48,0,0,0,49,0,50,0,0,0,0,0,51,52,53,0,0,0,0,0,0,54,0,0,0,0,0,0,55,0,0,0,56,0,0,0,57,0,0,0,58,59,60,61,62,0,0,63,0,0,0,64,0,0,0,65,0,0,0,0,66,0,0,0,0,0,0,67,0,0,0,68,0,0,0,0,69,0,0,0,0,0,0,70,0,0,0,71,0,0,0,0],"hastitle":false,"hold":null,"id":null,"id2":null,"interpretcolors":null,"jnotes":null,"key":null,"mini":null,"notepad":"The five rows of circled squares reveal an unusual feature of this puzzle.","publisher":"The New York Times","rbars":null,"shadecircles":"true","size":{"cols":16,"rows":15},"title":"NY TIMES, WED, MAR 15, 2017","track":null,"type":null,"uniclue":false}