{"acrossmap":null,"admin":false,"answers":{"across":["HAHA","RAMPS","GAME","ETAS","ATARI","AMIS","LTRS","MADETOLAST","LED","SILLY","VITAE","ONTHESLY","JULEPS","DOIN","COMEUP","BASESALARY","ERRS","ANT","EMPTY","FOR","MCALLISTER","SOPS","ERIE","RAPTOR","ASBESTOS","PARTII","SHO","SAPPY","LABAN","KEAN","TRIOSONATA","MERE","AANDP","GLEN","ETDS","SHEAF","ELSE"],"down":["HELLO","ATTENDANCESHEET","HARDTOSTARBOARD","ASS","RAMIS","ATALL","MADLY","PREY","SIT","GALILEE","AMATEURFOOTBALL","MISAPPROPRIATES","ESTES","OVUM","SENSELESS","HIE","JOY","CRYER","BAM","AMI","LPS","ATT","SRS","LIE","RAP","STRANGE","PALO","ASKME","TATAS","OPRAH","SPINE","INANE","YODA","NES","SPF"]},"author":"Jacob Stulberg","autowrap":null,"bbars":null,"circles":null,"clues":{"across":["1. \"Hilarious!\"","5. Flight alternatives","10. Tag, for example","14. HH","15. Centipede creator","16. \"Lionel Asbo: State of England\" novelist, 2012","17. Some paperwork: Abbr.","18. Well-built","20. Ran","21. Foolish","22. Curriculum ___","23. Sub rosa","25. Bourbon drinks","26. Off","27. Arise","28. Amount before bonuses","32. Slips","34. Hill dweller","35. Foolish","36. Dedicated to","37. Fort ___ (Civil War landmark near Savannah)","40. Gravy go-withs","41. City on Amtrak's Boston-to-Chicago line","42. Osprey, for one","44. Once-common building material","48. Sequel","50. \"Homeland\" airer, for short","51. Foolish","53. Jacob's father-in-law","54. Thomas who headed the 9\/11 Commission","56. Bach's \"Musical Offering\" includes one","58. Simple","59. Supermarket chain until 2015","60. ___ Rock, N.J.","61. Displays near gates, briefly","62. Stack of papers","63. \"Who ___?\""],"down":["1. When its second syllable is drawn out, \"Are you out of your mind?!\"","2. Skipping record?","3. Command for turning sharply right","4. Biblical mount","5. \"Groundhog Day\" director","6. Whatsoever","7. How one might fall in love","8. Hunted","9. Be idle","10. Region bordering Lebanon","11. Recreational soccer, to Brits","12. Embezzles, e.g.","13. ___ Park","19. Sex-ed subject","21. Foolish","24. \"___ thee to hell for shame\": \"Richard III\"","25. Beatitude","27. Jon of \"Two and a Half Men\"","28. Comic book sound effect","29. Question in response to an insult, maybe","30. Some wax","31. Phone inits.","33. Top class: Abbr.","38. Be idle","39. Grammy category","40. Off","43. ___ Alto","44. \"Shoot!\"","45. Byes","46. The \"O\" in television's OWN","47. Title locale","49. Foolish ... or, when read as three words, how this puzzle's other four \"foolish\" answers are arranged","52. Robe-wearing trainer of cinema","55. Dr. Mario console","57. Abbr. in a beach bag"]},"code":null,"copyright":"2017, The New York Times","date":"3\/17\/2017","dow":"Friday","downmap":null,"editor":"Will Shortz","grid":["H","A","H","A",".","R","A","M","P","S",".","G","A","M","E","E","T","A","S",".","A","T","A","R","I",".","A","M","I","S","L","T","R","S",".","M","A","D","E","T","O","L","A","S","T","L","E","D",".","S","I","L","L","Y",".","V","I","T","A","E","O","N","T","H","E","S","L","Y",".","J","U","L","E","P","S",".","D","O","I","N",".",".",".","C","O","M","E","U","P",".","B","A","S","E","S","A","L","A","R","Y",".","E","R","R","S","A","N","T",".","E","M","P","T","Y",".",".",".","F","O","R","M","C","A","L","L","I","S","T","E","R",".","S","O","P","S",".","E","R","I","E",".",".",".","R","A","P","T","O","R",".","A","S","B","E","S","T","O","S",".","P","A","R","T","I","I","S","H","O",".","S","A","P","P","Y",".","L","A","B","A","N","K","E","A","N",".","T","R","I","O","S","O","N","A","T","A","M","E","R","E",".","A","A","N","D","P",".","G","L","E","N","E","T","D","S",".","S","H","E","A","F",".","E","L","S","E"],"gridnums":[1,2,3,4,0,5,6,7,8,9,0,10,11,12,13,14,0,0,0,0,15,0,0,0,0,0,16,0,0,0,17,0,0,0,0,18,0,0,0,0,19,0,0,0,0,20,0,0,0,21,0,0,0,0,0,22,0,0,0,0,23,0,0,24,0,0,0,0,0,25,0,0,0,0,0,0,26,0,0,0,0,0,0,27,0,0,0,0,0,0,28,0,0,0,0,29,30,31,0,0,0,32,0,0,33,34,0,0,0,35,0,0,0,0,0,0,0,36,0,0,37,0,0,38,0,0,0,0,0,39,0,40,0,0,0,0,41,0,0,0,0,0,0,42,0,43,0,0,0,0,44,0,0,0,0,45,46,47,0,48,0,0,0,0,49,50,0,0,0,51,0,0,0,52,0,53,0,0,0,0,54,0,0,55,0,56,0,0,0,57,0,0,0,0,0,58,0,0,0,0,59,0,0,0,0,0,60,0,0,0,61,0,0,0,0,62,0,0,0,0,0,63,0,0,0],"hastitle":false,"hold":null,"id":null,"id2":null,"interpretcolors":null,"jnotes":"This is only the third NYT crossword with up-down mirror symmetry. Here are the <a href=\"http:\/\/www.xwordinfo.com\/Crossword?date=4\/15\/2012\">first<\/a> <a href=\"http:\/\/www.xwordinfo.com\/Crossword?date=1\/12\/2017\">two<\/a>.","key":null,"mini":null,"notepad":null,"publisher":"The New York Times","rbars":null,"shadecircles":null,"size":{"cols":15,"rows":15},"title":"NY TIMES, FRI, MAR 17, 2017","track":null,"type":null,"uniclue":false}