{"acrossmap":null,"admin":false,"answers":{"across":["TBS","TIP","HRS","PEU","ALAMODE","AUTEURS","CARIOLE","KIRSTIE","THINKER","ENACTED","THRICE","YAO","CLOSE","NUMB","PART","RAM","ACTI","IFEVER","URN","ROOSTER","OLE","EVICTS","IONE","TIN","LASH","MENU","EJECT","CAB","AERATE","RAINOUT","ISRAELI","EXECUTE","SHINDIG","PINETAR","TEASING","OST","SHY","SNL","TOY"],"down":["TACT","BLAH","SARI","TOOKHEART","IDLER","PEERINTO","HAKEEM","RUIN","STRAY","PUTTOAVOTE","ERIE","USED","THINMINTS","NARROWESCAPE","LEANCUISINE","CRUEL","LARVA","OMNISCIENT","BIEN","RELIC","TRENT","COSM","FREETRIAL","TOURISTS","SLIMCHANCE","EATERY","SKINNYJEANS","BOUTS","ASHEN","REPO","AXIS","UTAH","EDIT","LINO","IGGY"]},"author":"Sandy Ganzell","autowrap":null,"bbars":null,"circles":null,"clues":{"across":["1. Cable channel owned by Time Warner","4. Lead-in to toe or top","7. Countdown abbr.","10. \"Un ___\" (answer to \"Parlez-vous français?\")","13. Fashionable","15. Distinctive filmmakers","17. One-horse carriage","18. Alley seen on TV","19. One may be deep","20. Passed","21. Again ... and again","23. ___ Ming, 2016 Hall of Fame inductee","24. Thereabouts","27. Unfeeling","29. Line at a barbershop","32. Pickup line?","33. Broadway opening","35. Perhaps not at all","37. Keats ode subject","38. 2017 symbol in the Chinese zodiac","40. Accented approval","41. Boots","43. Actress Skye","44. Can","45. Eye protector","46. Writing on many a chalkboard","48. Tape recorder button","50. Certain varietal, for short","52. Provide with oxygen","54. Game day disappointment","57. Singer of the anthem \"Hatikvah\" (\"The Hope\")","61. Carry out","62. Big to-do","63. Sticky stuff","64. Some playfulness","65. German direction","66. Short","67. Show filmed at Rockefeller Center, for short","68. Play (with)"],"down":["1. \"It is ___ that is golden, not silence\": Samuel Butler","2. When tripled, et cetera","3. Article of apparel that often leaves one arm bare","4. Was encouraged","5. Layabout","6. Look at searchingly","7. Olajuwon of the N.B.A.","8. Wreckage","9. Good candidate for adoption","10. Settle by calling the question","11. Lake connected with lake-effect snow","12. Exhausted","14. Girl Scout cookie offering","16. Barely successful avoidance of calamity","22. Brand for weight-watchers","24. Barbarous","25. Caterpillar stage","26. Godlike, in a way","28. French well","30. Museum piece","31. River through Nottingham, England","34. Ending with micro-","36. Incentive for buying a new product, maybe","39. Buyers of guidebooks","42. What a long shot has","47. Lunch spot","49. Form-fitting casual wear","51. Matches","53. Wan","54. Auctioned car, perhaps","55. x or y","56. Pac-12 team","58. Make some changes to","59. Old typesetting machine, informally","60. Pop of rock"]},"code":null,"copyright":"2017, The New York Times","date":"3\/23\/2017","dow":"Thursday","downmap":null,"editor":"Will Shortz","grid":["T","B","S",".","T","I","P",".","H","R","S",".","P","E","U","A","L","A","M","O","D","E",".","A","U","T","E","U","R","S","C","A","R","I","O","L","E",".","K","I","R","S","T","I","E","T","H","I","N","K","E","R",".","E","N","A","C","T","E","D",".",".",".","T","H","R","I","C","E",".","Y","A","O",".",".","C","L","O","S","E",".","N","U","M","B",".","P","A","R","T","R","A","M",".","A","C","T","I",".","I","F","E","V","E","R","U","R","N",".","R","O","O","S","T","E","R",".","O","L","E","E","V","I","C","T","S",".","I","O","N","E",".","T","I","N","L","A","S","H",".","M","E","N","U",".","E","J","E","C","T",".",".","C","A","B",".","A","E","R","A","T","E",".",".",".","R","A","I","N","O","U","T",".","I","S","R","A","E","L","I","E","X","E","C","U","T","E",".","S","H","I","N","D","I","G","P","I","N","E","T","A","R",".","T","E","A","S","I","N","G","O","S","T",".","S","H","Y",".","S","N","L",".","T","O","Y"],"gridnums":[1,2,3,0,4,5,6,0,7,8,9,0,10,11,12,13,0,0,14,0,0,0,0,15,0,0,16,0,0,0,17,0,0,0,0,0,0,0,18,0,0,0,0,0,0,19,0,0,0,0,0,0,0,20,0,0,0,0,0,0,0,0,0,21,0,0,0,22,0,0,23,0,0,0,0,24,25,26,0,0,0,27,0,0,28,0,29,0,30,31,32,0,0,0,33,34,0,0,0,35,36,0,0,0,0,37,0,0,0,38,0,0,0,39,0,0,0,40,0,0,41,0,0,42,0,0,0,43,0,0,0,0,44,0,0,45,0,0,0,0,46,47,0,0,0,48,49,0,0,0,0,0,50,0,51,0,52,0,0,53,0,0,0,0,0,54,55,0,0,0,56,0,0,57,0,0,0,58,59,60,61,0,0,0,0,0,0,0,62,0,0,0,0,0,0,63,0,0,0,0,0,0,0,64,0,0,0,0,0,0,65,0,0,0,66,0,0,0,67,0,0,0,68,0,0],"hastitle":false,"hold":null,"id":null,"id2":null,"interpretcolors":null,"jnotes":null,"key":null,"mini":null,"notepad":"In the print version of this puzzle, the columns consisting of 14-\/42-Down, 16-\/49-Down and 22-Down are not as wide as all the other columns.","publisher":"The New York Times","rbars":null,"shadecircles":null,"size":{"cols":15,"rows":15},"title":"NY TIMES, THU, MAR 23, 2017","track":null,"type":null,"uniclue":false}