{"acrossmap":null,"admin":false,"answers":{"across":["XRAYS","CAW","LETUPS","MIXER","AMO","UTOPIA","ALLSIKNOW","CHOSEN","SEEM","NON","TKOS","ALONGWAYSOFF","STRAIT","ANY","OLAF","TRUMP","ARGO","NAIL","EON","STAKEOUT","GLO","MISO","OARS","OBOES","SKID","PHO","TRENDS","ANDTHENISAYS","SEED","HOG","TREE","HAVANA","HOWSABOUT","IMPROV","APE","GUARD","MISERY","LED","TYROS"],"down":["XMAS","RILE","AXLE","YESMAAM","SRI","CANON","AMONG","WOW","LUCKYYOU","ETHOS","TOOSOON","UPS","PIE","SAN","KNOT","TANGO","LIPS","WARES","FLAGON","FAILED","STEMS","TROIKA","RUNSIN","FLOSS","AKRON","TOPHEAVY","AAHED","TORY","ODDSARE","BESTBUY","TAGS","TENOR","IHOPE","SOWED","ROAR","EURO","ETDS","HIM","AMI","VPS","HAL","AGT"]},"author":"Tom McCoy","autowrap":null,"bbars":null,"circles":null,"clues":{"across":["1. Set of pictures at a dentist's","6. Crow's sound","9. Reprieves","15. Event for meeting new people","16. \"I love,\" to Cato","17. Perfect world","18. \"The one thing that's clear to me ...\"","20. Picked","21. Appear","22. \"Smoking or ___?\"","23. Boxing achievements, in brief","24. Distant","29. Narrow water passage","32. \"___ day now ...\"","33. Villainous count in the Lemony Snicket books","35. Obama's successor","36. Jason's ship","37. Pull off perfectly","38. Many millennia","39. Police operation ... or, when read another way, what a grammarian would like to do to 18-, 24-, 52- and 65-Across?","43. Day-___ paint","44. Japanese soup","46. Boaters' implements","47. Some woodwinds","49. Lose traction on the road","50. Vietnamese soup","51. What Google's Ngram program tracks, for word usage","52. Narrative connector","56. Peach pit or walnut","57. Greedy one","58. Peach or walnut","62. Cuba's capital","65. \"What do you think of ...?\"","67. Unscripted comedy, informally","68. Mimic","69. Watch over","70. Blue state?","71. Fluorescent bulb alternative, for short","72. Novices"],"down":["1. Dec. celebration","2. Tick off","3. What car wheels turn on","4. Polite affirmative","5. ___ Lanka","6. Group of books that an educated person is supposed to be familiar with","7. In the company of","8. Blow away","9. Jealous words of congratulations","10. Cultural spirit","11. \"You can't joke about that yet\"","12. FedEx rival","13. Thanksgiving dessert","14. ___ Juan, Puerto Rico","19. Problem with a shoelace","23. Dance in which one partner might hold a rose between his teeth","25. One might apply gloss to them","26. Things for sale","27. Old-fashioned wine holder","28. Unsuccessful","29. Thorny parts of roses","30. Group of three","31. Enters hurriedly","34. Often-unheeded advice from dentists","36. Ohio city that was once the Rubber Capital of the World","40. Liable to tip over, maybe","41. Expressed amazement","42. Labourite's opponent, in British politics","45. \"Most likely ...\"","48. Big electronics chain","51. License plates","53. Choir member","54. \"Fingers crossed!\"","55. Planted, as discord","59. Sound to fear in the savanna","60. Currency of France or Italy","61. When planes are due to take off, for short","62. That guy","63. \"What ___, chopped liver?\"","64. Biden and Pence, in brief","65. Actor Holbrook","66. 10%-er: Abbr."]},"code":null,"copyright":"2017, The New York Times","date":"3\/27\/2017","dow":"Monday","downmap":null,"editor":"Will Shortz","grid":["X","R","A","Y","S",".","C","A","W",".","L","E","T","U","P","S","M","I","X","E","R",".","A","M","O",".","U","T","O","P","I","A","A","L","L","S","I","K","N","O","W",".","C","H","O","S","E","N","S","E","E","M",".","N","O","N",".","T","K","O","S",".",".",".",".",".",".","A","L","O","N","G","W","A","Y","S","O","F","F",".","S","T","R","A","I","T",".",".","A","N","Y",".","O","L","A","F","T","R","U","M","P",".",".","A","R","G","O",".","N","A","I","L","E","O","N",".","S","T","A","K","E","O","U","T",".","G","L","O","M","I","S","O",".","O","A","R","S",".",".","O","B","O","E","S","S","K","I","D",".","P","H","O",".",".","T","R","E","N","D","S",".","A","N","D","T","H","E","N","I","S","A","Y","S",".",".",".",".",".",".","S","E","E","D",".","H","O","G",".","T","R","E","E","H","A","V","A","N","A",".","H","O","W","S","A","B","O","U","T","I","M","P","R","O","V",".","A","P","E",".","G","U","A","R","D","M","I","S","E","R","Y",".","L","E","D",".","T","Y","R","O","S"],"gridnums":[1,2,3,4,5,0,6,7,8,0,9,10,11,12,13,14,15,0,0,0,0,0,16,0,0,0,17,0,0,0,0,0,18,0,0,0,0,19,0,0,0,0,20,0,0,0,0,0,21,0,0,0,0,22,0,0,0,23,0,0,0,0,0,0,0,0,0,24,25,0,0,0,26,0,0,0,0,27,28,0,29,30,31,0,0,0,0,0,32,0,0,0,33,0,0,34,35,0,0,0,0,0,0,36,0,0,0,0,37,0,0,0,38,0,0,0,39,40,41,0,0,0,0,42,0,43,0,0,44,0,0,45,0,46,0,0,0,0,0,47,48,0,0,0,49,0,0,0,0,50,0,0,0,0,51,0,0,0,0,0,0,52,0,0,53,0,0,0,54,55,0,0,0,0,0,0,0,0,0,56,0,0,0,0,57,0,0,0,58,59,60,61,62,63,64,0,0,0,0,65,0,0,0,66,0,0,0,0,67,0,0,0,0,0,0,68,0,0,0,69,0,0,0,0,70,0,0,0,0,0,0,71,0,0,0,72,0,0,0,0],"hastitle":false,"hold":null,"id":null,"id2":null,"interpretcolors":null,"jnotes":null,"key":null,"mini":null,"notepad":null,"publisher":"The New York Times","rbars":null,"shadecircles":null,"size":{"cols":16,"rows":15},"title":"NY TIMES, MON, MAR 27, 2017","track":null,"type":null,"uniclue":false}