{"acrossmap":null,"admin":false,"answers":{"across":["SWAP","CROC","DRAMA","HEIR","OATH","EULER","ALDO","NITE","ADELE","GLENNCLOSELY","TEE","TAM","EAP","HOWARDSTERNLY","PSA","LEO","INTER","EARNS","GNU","NAIVE","STRIP","ONO","TEX","TAYLORSWIFTLY","ONS","RIP","FAA","JAMESBLUNTLY","URGED","CHAI","DREI","SAUDI","KILN","REAP","CYNIC","SAKE","YENS"],"down":["SHAG","WELL","AIDE","PRONTO","CONCEAL","RAIL","OTTO","CHESTS","DEALMEIN","RUDY","ALE","MEL","ARE","NEW","EAT","ENTITY","ALEVE","PYREX","HARRYS","REG","DONOW","RNA","PESTO","SATAN","NIL","SPORADIC","UNI","OFFLINE","RIM","SPECKS","TAU","LANDRY","JEDI","SHIA","BALK","TREE","LEAN","YIPS","USC","RAY","GUN"]},"author":"Ryan Milligan","autowrap":null,"bbars":null,"circles":null,"clues":{"across":["1. Even trade","5. Nile predator, briefly","9. Class with masks?","14. Next in line","15. Promise","16. 18th-century mathematician who introduced the function","17. Designer Gucci","18. Nick at ___","19. One-named singer who won the 2016 Album of the Year","20. \"Sorry I'm in your space, it's an actress thing,\" said ___","23. Shirt that might have a crew neck, informally","24. Scottish cap","25. \"The Raven\" writer's monogram","28. \"Don't interrupt me on my radio show,\" said ___","32. \"It gets better\" spot, e.g., in brief","34. DiCaprio, to fans","35. Prefix with galactic and spatial","36. Works to get","39. Lion's prey","41. Easily fooled","42. Unit of bacon","43. Lennon's widow","45. ___-Mex","46. \"Gotta run, pop concert calls,\" said ___","51. Turn-___","52. Gravestone letters","53. Govt. org. with a drone registry program","54. \"Right to the point: You're beautiful, it's true,\" said ___","60. Advocated","63. Tea type","64. Three, in Berlin","65. Mecca resident","66. Drying oven","67. Harvest, as crops","68. \"A man who, when he smells flowers, looks around for a coffin,\" per H. L. Mencken","69. Rice wine","70. Longings"],"down":["1. Carpet style","2. Word said three times before \"What have we here?!\"","3. Assistant","4. On the double","5. Hide","6. Inner part of a racetrack","7. Palindromic boy's name","8. Treasure holders","9. Request for a hand","10. Inspiring 1993 movie about a Notre Dame football team walk-on","11. Lager relative","12. Comical Brooks","13. \"All we ___ saying is give peace a chance\"","21. Just-made","22. Munch on","25. Thing that exists","26. Drug whose generic name is naproxen","27. Measuring cup material","28. Truman and others","29. Rule laid down by a commission: Abbr.","30. \"What should I ___?\"","31. Material in strands","32. Sauce with pine nuts","33. The Great Tempter","37. Zero, in soccer","38. Occasional","40. Prefix with -versal","44. Not connected to a computer network","47. Pacific ___","48. What stars are in the night sky","49. Letter after sigma","50. Tom who coached the Dallas Cowboys for 29 years","54. Revered \"Star Wars\" figure","55. Actor LaBeouf","56. Illegal pitching motion","57. Logician's chart","58. Not stand completely straight","59. Nervousness that causes a golfer to miss an easy putt, with \"the\"","60. Golden State sch.","61. With 62-Down, sci-fi weapon","62. See 61-Down"]},"code":null,"copyright":"2017, The New York Times","date":"3\/28\/2017","dow":"Tuesday","downmap":null,"editor":"Will Shortz","grid":["S","W","A","P",".","C","R","O","C",".","D","R","A","M","A","H","E","I","R",".","O","A","T","H",".","E","U","L","E","R","A","L","D","O",".","N","I","T","E",".","A","D","E","L","E","G","L","E","N","N","C","L","O","S","E","L","Y",".",".",".",".",".",".","T","E","E",".",".","T","A","M",".","E","A","P",".",".","H","O","W","A","R","D","S","T","E","R","N","L","Y","P","S","A",".",".","L","E","O",".",".","I","N","T","E","R","E","A","R","N","S",".","G","N","U",".","N","A","I","V","E","S","T","R","I","P",".",".","O","N","O",".",".","T","E","X","T","A","Y","L","O","R","S","W","I","F","T","L","Y",".",".","O","N","S",".","R","I","P",".",".","F","A","A",".",".",".",".",".",".","J","A","M","E","S","B","L","U","N","T","L","Y","U","R","G","E","D",".","C","H","A","I",".","D","R","E","I","S","A","U","D","I",".","K","I","L","N",".","R","E","A","P","C","Y","N","I","C",".","S","A","K","E",".","Y","E","N","S"],"gridnums":[1,2,3,4,0,5,6,7,8,0,9,10,11,12,13,14,0,0,0,0,15,0,0,0,0,16,0,0,0,0,17,0,0,0,0,18,0,0,0,0,19,0,0,0,0,20,0,0,0,21,0,0,0,0,22,0,0,0,0,0,0,0,0,23,0,0,0,0,24,0,0,0,25,26,27,0,0,28,0,0,0,29,30,0,0,0,31,0,0,0,32,33,0,0,0,34,0,0,0,0,35,0,0,0,0,36,0,0,37,38,0,39,0,40,0,41,0,0,0,0,42,0,0,0,0,0,0,43,0,44,0,0,45,0,0,46,0,0,0,0,47,48,0,0,0,49,50,0,0,0,51,0,0,0,52,0,0,0,0,53,0,0,0,0,0,0,0,0,54,0,0,0,55,56,0,0,0,57,58,59,60,61,62,0,0,0,63,0,0,0,0,64,0,0,0,65,0,0,0,0,0,66,0,0,0,0,67,0,0,0,68,0,0,0,0,0,69,0,0,0,0,70,0,0,0],"hastitle":false,"hold":null,"id":null,"id2":null,"interpretcolors":null,"jnotes":null,"key":null,"mini":null,"notepad":null,"publisher":"The New York Times","rbars":null,"shadecircles":null,"size":{"cols":15,"rows":15},"title":"NY TIMES, TUE, MAR 28, 2017","track":null,"type":null,"uniclue":false}