{"acrossmap":null,"admin":false,"answers":{"across":["ITCHY","BLOC","IDLE","RELEE","RANI","MEAD","ELECTRICENGINES","FLAK","ODE","ENTIRE","USN","TAG","ARA","ATL","LOSTONESMARBLES","NEIN","AIM","ESS","MIDDLEAGE","OBE","EOS","MCML","ADIRONDACKCHAIR","POS","POO","RAS","CEO","ERESTU","SEN","GASP","MACHINEWASHABLE","ANTE","CLAM","ERROR","NTSB","ESPY","SPEWS"],"down":["IREFUL","TELLSON","CLEANSE","HECK","YET","BRIDGE","LACE","ONE","CINERAMA","IMIT","DENIALS","LAERTES","EDSELS","ROAN","GNAR","TONI","AMIE","TIMER","SALSA","BEECH","DENOUNCE","DODO","GMCS","ODORANT","BISECTS","MACABRE","LIESLOW","APEMAN","OPTI","CREAMY","KANS","ROPERS","SHEB","SWAP","GARP","ELS","HES"]},"author":"Jules P. Markey","autowrap":null,"bbars":null,"circles":[0,0,0,0,0,0,0,0,0,0,0,0,0,0,0,0,0,0,0,0,0,0,0,0,0,0,0,0,0,0,0,0,0,0,0,0,1,1,1,0,0,0,0,0,0,0,0,0,0,0,0,0,0,0,0,0,0,0,0,0,0,0,0,0,0,0,0,0,0,0,0,0,0,0,0,0,0,1,1,1,1,1,0,0,0,0,0,0,0,0,0,0,0,0,0,0,0,0,0,0,0,0,0,0,0,0,0,0,0,0,0,0,0,0,0,0,0,0,0,0,0,0,0,0,0,0,0,0,0,0,0,0,0,0,0,0,0,1,1,1,1,0,0,0,0,0,0,0,0,0,0,0,0,0,0,0,0,0,0,0,0,0,0,0,0,0,0,0,0,0,0,0,0,0,0,0,0,0,0,0,0,0,0,0,0,1,1,1,0,0,0,0,0,0,0,0,0,0,0,0,0,0,0,0,0,0,0,0,0,0,0,0,0,0,0,0,0,0,0,0,0,0,0,0,0],"clues":{"across":["1. Needing scratching","6. OPEC, e.g.","10. Lay off","14. J. E. B. Stuart's superior in the Civil War","15. Indian royal","16. \"Honey wine\"","17. Things that power Teslas","20. Criticism, informally","21. Laudatory piece","22. In one piece","23. SEAL's org.","24. Recess game","25. Rudy's coach in \"Rudy\"","26. N.L. East city","27. Went bonkers","31. Teutonic turndown","32. Sharpshooter's asset","33. Snaky character","34. Crisis time, for some ... or a hint to each of the circled words","38. It's an honour: Abbr.","40. Camera named for a goddess","41. Year the Korean War began","44. Lakeside furniture item","49. +: Abbr.","50. Cock-a-___ (dog breed)","51. Dorm V.I.P.s","52. Board hiree, for short","53. 1974 hit with Spanish lyrics","55. Joe Biden, for 36 yrs.","56. [OMG!]","57. Label rarely seen on silk garments","60. Prelude to a deal","61. Simoleon","62. Typo, e.g.","63. Crash-probing agcy.","64. Glimpse","65. Gushes"],"down":["1. Really angry","2. Gets in trouble, in a way","3. Detox, say","4. \"Darn it!\"","5. Thus far","6. Game for dummies?","7. Spike, as punch","8. Admit ___","9. Wide-screen movie format","10. Words heard in 24-Across, maybe","11. \"'Twasn't me\" and others","12. Hamlet's killer","13. 1950s autos with \"horse collar\" grilles","18. Leather often treated to look like morocco","19. Make a snarling sound","24. Literature Nobelist Morrison","25. Female pen pal, maybe","28. Oven feature","29. A dance, or a dip","30. Tree with triangular nuts","35. Censure publicly","36. Dim bulb","37. Sierra and Acadia vehicles","38. Aromatic additive to natural gas","39. Splits in half","42. Like many Poe tales","43. Stays under the radar","44. So-called missing link","45. ___-Free (contact lens solution)","46. Peanut butter choice","47. Jayhawks' home: Abbr.","48. Dogie catchers","54. Wooley who sang \"The Purple People Eater\"","55. Exchange","56. John Irving title hero","58. C.T.A. transports","59. Fathers and sons"]},"code":null,"copyright":"2017, The New York Times","date":"3\/29\/2017","dow":"Wednesday","downmap":null,"editor":"Will Shortz","grid":["I","T","C","H","Y",".","B","L","O","C",".","I","D","L","E","R","E","L","E","E",".","R","A","N","I",".","M","E","A","D","E","L","E","C","T","R","I","C","E","N","G","I","N","E","S","F","L","A","K",".","O","D","E",".","E","N","T","I","R","E","U","S","N",".","T","A","G",".","A","R","A",".","A","T","L","L","O","S","T","O","N","E","S","M","A","R","B","L","E","S",".","N","E","I","N",".",".","A","I","M",".","E","S","S",".",".",".",".","M","I","D","D","L","E","A","G","E",".",".",".",".","O","B","E",".","E","O","S",".",".","M","C","M","L",".","A","D","I","R","O","N","D","A","C","K","C","H","A","I","R","P","O","S",".","P","O","O",".","R","A","S",".","C","E","O","E","R","E","S","T","U",".","S","E","N",".","G","A","S","P","M","A","C","H","I","N","E","W","A","S","H","A","B","L","E","A","N","T","E",".","C","L","A","M",".","E","R","R","O","R","N","T","S","B",".","E","S","P","Y",".","S","P","E","W","S"],"gridnums":[1,2,3,4,5,0,6,7,8,9,0,10,11,12,13,14,0,0,0,0,0,15,0,0,0,0,16,0,0,0,17,0,0,0,0,18,0,0,0,0,19,0,0,0,0,20,0,0,0,0,21,0,0,0,22,0,0,0,0,0,23,0,0,0,24,0,0,0,25,0,0,0,26,0,0,27,0,0,28,0,0,0,29,0,0,0,30,0,0,0,0,31,0,0,0,0,0,32,0,0,0,33,0,0,0,0,0,0,34,0,35,36,0,0,0,37,0,0,0,0,0,38,39,0,0,40,0,0,0,0,41,0,42,43,0,44,0,0,0,45,0,0,0,46,47,0,0,0,0,48,49,0,0,0,50,0,0,0,51,0,0,0,52,0,0,53,0,0,54,0,0,0,55,0,0,0,56,0,0,0,57,0,0,0,0,0,58,0,0,0,59,0,0,0,0,60,0,0,0,0,61,0,0,0,0,62,0,0,0,0,63,0,0,0,0,64,0,0,0,0,65,0,0,0,0],"hastitle":false,"hold":null,"id":null,"id2":null,"interpretcolors":null,"jnotes":null,"key":null,"mini":null,"notepad":null,"publisher":"The New York Times","rbars":null,"shadecircles":null,"size":{"cols":15,"rows":15},"title":"NY TIMES, WED, MAR 29, 2017","track":null,"type":null,"uniclue":false}